accessibility.ics.uci.edu, 6
acoi.ics.uci.edu, 111
archive-beta.ics.uci.edu, 9
archive.ics.uci.edu, 53
asterix.ics.uci.edu, 14
cert.ics.uci.edu, 24
chenli.ics.uci.edu, 11
cloudberry.ics.uci.edu, 4
cml.ics.uci.edu, 156
code.ics.uci.edu, 14
computableplant.ics.uci.edu, 63
courselisting.ics.uci.edu, 4
create.ics.uci.edu, 6
cs.ics.uci.edu, 12
cs.uci.edu, 2
dgillen.ics.uci.edu, 24
ds4all.ics.uci.edu, 9
dynamo.ics.uci.edu, 8
edgelab.ics.uci.edu, 7
emj.ics.uci.edu, 36
evoke.ics.uci.edu, 4
flamingo.ics.uci.edu, 104
fr.ics.uci.edu, 3
gitlab.ics.uci.edu, 1
gradinfo.ics.uci.edu, 1
grape.ics.uci.edu, 34
hack.ics.uci.edu, 1
hobbes.ics.uci.edu, 10
hpi.ics.uci.edu, 4
hub.ics.uci.edu, 3
i-sensorium.ics.uci.edu, 5
icde2023.ics.uci.edu, 46
ics.uci.edu, 736
industryshowcase.ics.uci.edu, 23
informatics.ics.uci.edu, 27
informatics.uci.edu, 2
ipubmed.ics.uci.edu, 1
isg.ics.uci.edu, 136
isi-buds.ics.uci.edu, 4
jgarcia.ics.uci.edu, 6
luci.ics.uci.edu, 4
mailman.ics.uci.edu, 23
malek.ics.uci.edu, 1
mcs.ics.uci.edu, 12
mdogucu.ics.uci.edu, 1
mds.ics.uci.edu, 9
mhcid.ics.uci.edu, 20
mswe.ics.uci.edu, 10
myip.ics.uci.edu, 1
nalini.ics.uci.edu, 7
ngs.ics.uci.edu, 962
oai.ics.uci.edu, 5
psearch.ics.uci.edu, 1
riscit.ics.uci.edu, 3
scale.ics.uci.edu, 7
seal.ics.uci.edu, 46
sherlock.ics.uci.edu, 7
stairs.ics.uci.edu, 3
stat.ics.uci.edu, 10
stat.uci.edu, 2
summeracademy.ics.uci.edu, 11
swiki.ics.uci.edu, 7
tastier.ics.uci.edu, 1
tutoring.ics.uci.edu, 4
vision.ics.uci.edu, 201
wics.ics.uci.edu, 191
wiki.ics.uci.edu, 125
www-db.ics.uci.edu, 23
www.cs.uci.edu, 6
www.ics.uci.edu, 355
www.informatics.ics.uci.edu, 1
www.informatics.uci.edu, 11
www.stat.uci.edu, 5
