courselisting.ics.uci.edu, 2
dale-cooper-v0.ics.uci.edu, 10
e2.ics.uci.edu, 1
gitlab.ics.uci.edu, 2
gradinfo.ics.uci.edu, 2
hub.ics.uci.edu, 3
ics.uci.edu, 90
informatics.ics.uci.edu, 4
intranet.ics.uci.edu, 14
julia-hub.ics.uci.edu, 2
mswe.ics.uci.edu, 3
netreg.ics.uci.edu, 3
onboarding.ics.uci.edu, 2
signage.ics.uci.edu, 2
staging-hub.ics.uci.edu, 2
stat.ics.uci.edu, 7
stat.uci.edu, 1
support.ics.uci.edu, 5
swiki.ics.uci.edu, 8
wiki.ics.uci.edu, 115
www.ics.uci.edu, 14
www.informatics.uci.edu, 5
www.stat.uci.edu, 2
