ics	1538
support	847
software	707
uci	458
user	452
research	397
will	370
wiki	336
file	325
home	305
can	294
directory	284
edu	282
students	276
group	272
us	268
use	256
account	255
data	254
tools	251
access	238
storage	236
information	231
faculty	228
ssh	227
files	225
following	214
resources	213
slurm	213
undergraduate	212
computing	203
statistics	200
student	199
engineering	198
may	193
graduate	188
computer	187
openlab	178
using	177
available	174
system	173
page	168
network	166
commands	166
command	162
campus	160
program	159
new	158
run	158
irvine	154
google	151
security	148
content	146
test	146
old	146
please	144
revisions	140
php	140
science	138
follow	137
permissions	137
systems	136
services	136
backlinks	136
linux	134
name	133
remote	132
help	131
running	129
development	127
server	127
add	126
request	124
back	124
project	123
see	123
one	123
include	121
screen	120
changes	118
show	118
host	118
programs	117
applications	116
set	116
informatics	116
log	116
uc	115
share	115
list	114
instructional	113
department	112
work	111
web	110
uncertainty	110
backups	109
spotlights	108
site	108
community	107
bren	107
testing	107
time	107
policies	107
job	106
contact	105
sudo	105
password	104
singularity	104
academic	102
recent	101
series	101
key	100
virtual	98
process	98
helpdesk	97
https	96
slide	96
hardware	96
view	95
inf	95
gpu	95
ai	94
space	94
design	93
get	93
example	93
email	93
edit	93
code	92
module	92
like	91
create	91
school	90
topics	90
cluster	90
common	90
learning	89
swe	89
media	89
manager	89
managed	89
staff	88
last	88
environments	88
find	88
sbatch	88
first	87
via	87
close	87
maintenance	86
news	85
make	85
accounts	85
users	84
programming	83
modeling	83
need	82
vscode	82
donald	81
nvidia	81
top	80
well	79
change	79
next	79
directories	78
management	77
txt	77
www	77
yes	77
also	76
experience	75
seminar	75
used	75
modified	75
node	75
tasks	75
cc	75
international	74
otherwise	74
sacctmgr	74
class	73
check	73
windows	73
version	73
license	73
table	73
gb	73
read	72
bayesian	72
trace	72
search	71
part	71
projects	71
hub	71
pdf	71
unix	71
sidebar	71
contents	71
except	71
docker	71
error	70
object	70
dokuwikii	70
export	70
corporate	69
accessibility	69
noted	69
licensed	69
submit	68
admissions	68
career	68
sitemap	68
attribution	68
noncommercial	68
alike	68
hosts	68
specific	67
advising	66
analysis	66
announcement	66
tracker	66
two	65
lab	65
bin	65
number	65
keys	65
course	64
open	64
shell	64
qos	64
professional	63
html	63
dokuwiki	63
world	62
local	62
root	62
environment	61
case	61
index	61
future	61
start	61
id	61
ls	61
provide	60
machine	60
ziv	60
previous	60
pagesource	60
type	59
modules	59
duo	59
sciences	58
including	58
must	58
nfs	58
alumni	57
username	57
path	56
text	56
people	55
events	55
hall	55
cs	55
note	55
networks	55
styles	55
monitoring	55
jobs	55
hostname	55
allow	54
requirements	54
cloud	54
circinus	54
install	54
honors	53
ca	53
levels	53
additional	53
drive	53
mount	53
stats	52
com	52
state	52
samba	52
sshfs	52
load	52
git	52
capstone	51
now	51
current	51
self	51
hadar	51
none	51
jupyterhub	51
industry	50
connected	50
configuration	50
large	49
policy	49
introduction	49
ubuntu	49
processes	49
bash	49
center	48
team	48
click	48
write	48
links	48
limited	48
login	48
ugrad	48
cpu	47
statistical	46
partnerships	46
order	46
etc	46
servers	46
opportunities	45
human	45
labs	45
uncertainties	45
execute	45
service	45
financial	44
related	44
study	44
oriented	44
setting	44
equipment	44
walbert	44
wifi	44
based	43
techniques	43
principles	43
different	43
end	43
instance	43
go	43
hans	43
nov	43
main	42
lecture	42
classes	42
yu	42
connect	42
dissertation	42
sites	42
troubleshooting	42
ghz	42
extra	42
chmod	42
skip	41
clear	41
within	41
learn	41
courses	41
full	41
confidence	41
model	41
priority	41
sure	40
three	40
many	40
welcome	40
overview	40
allows	40
package	40
areas	39
impact	39
calendar	39
apply	39
understanding	39
apache	39
members	39
working	39
http	39
client	39
guide	39
manage	39
partition	39
explore	38
exploration	38
provided	38
script	38
usr	38
sh	38
navigation	37
operating	37
port	37
default	37
vpn	37
jupyter	37
gsu	37
onedrive	37
starts	36
methods	36
database	36
hours	36
non	36
ph	36
master	36
provides	36
documentation	36
questions	36
mswe	36
syntax	36
output	36
mysql	36
groupleader	36
shiny	36
awards	35
organizations	35
partners	35
privacy	35
rights	35
application	35
ethical	35
format	35
conf	35
laptop	35
link	35
update	35
per	35
srun	35
scratch	35
permission	35
majors	34
distinguished	34
health	34
level	34
want	34
positions	34
concepts	34
models	34
packages	34
skills	34
implementation	34
document	34
public	34
browser	34
microsoft	34
values	34
display	34
address	34
python	34
send	34
row	34
col	34
activation	34
window	34
idle	34
device	34
snapshots	34
aid	33
connecting	33
researchers	33
print	33
behavior	33
required	33
ada	33
select	33
belief	33
graphic	33
step	33
image	33
installation	33
logging	33
memory	33
modify	32
typically	32
facebook	32
maps	32
reserved	32
issues	32
take	32
office	32
accessible	32
still	32
types	32
known	32
nodes	32
enter	32
echo	32
var	32
tomcat	32
youtube	31
means	31
rw	31
ensure	31
examples	31
long	31
choose	31
oit	31
mem	31
os	31
tutoring	30
entrepreneurship	30
twitter	30
linkedin	30
instagram	30
footer	30
emergency	30
preparedness	30
creating	30
involved	30
devices	30
given	30
require	30
success	29
multiple	29
problems	29
just	29
quality	29
mobile	29
look	29
summary	29
count	29
right	29
cd	29
created	29
fri	29
jun	29
pdt	29
without	29
quotas	29
status	29
usage	29
ldap	29
writable	29
minors	28
inclusion	28
general	28
range	28
core	28
title	28
results	28
single	28
source	28
session	28
another	28
library	28
artifacts	28
section	28
rsa	28
centos	28
kerberos	28
enjoy	27
limitless	27
extracurricular	27
outreach	27
clubs	27
engagement	27
recruitment	27
university	27
control	27
variety	27
description	27
groups	27
build	27
technologies	27
designed	27
supported	27
mounting	27
connection	27
rstudio	27
terminal	27
grub	27
fuse	27
across	26
wide	26
field	26
technical	26
remove	26
directly	26
message	26
try	26
datacenter	26
amd	26
copy	26
grad	26
power	26
checkout	26
practice	25
simple	25
special	25
centers	25
intelligent	25
interaction	25
settings	25
interested	25
intel	25
driven	25
hypertext	25
references	25
important	25
press	25
live	25
proofpoint	25
gitlab	25
notebook	25
platform	25
problem	24
offers	24
procedures	24
point	24
know	24
called	24
way	24
spaces	24
instructions	24
external	24
intranet	24
setup	24
pull	24
xargs	24
owned	24
icsweb	24
wordpress	24
operations	23
steps	23
year	23
degree	23
become	23
info	23
java	23
others	23
left	23
driver	23
organization	23
line	23
developers	23
debugging	23
date	23
heading	23
rnail	23
backed	23
develop	22
approach	22
emphasis	22
regression	22
professor	22
high	22
studies	22
business	22
real	22
hypothesis	22
form	22
automatically	22
education	22
training	22
images	22
reports	22
written	22
latest	22
since	22
found	22
tree	22
receive	22
post	22
sinfo	22
opengpu	22
xeon	22
app	22
quota	22
features	21
distributed	21
summer	21
runs	21
structures	21
knowledge	21
several	21
documents	21
mail	21
contributions	21
useful	21
instead	21
join	21
prompt	21
ip	21
formatting	21
config	21
url	21
assigned	21
container	21
total	21
snapshot	21
gcp	21
academics	20
years	20
every	20
solution	20
submitted	20
among	20
teams	20
shared	20
done	20
adding	20
re	20
box	20
made	20
often	20
helpful	20
sign	20
secure	20
internal	20
foo	20
limit	20
smi	20
dir	20
backup	20
chgrp	20
octal	20
passcode	20
rclone	20
consulting	19
broad	19
visual	19
computational	19
various	19
departments	19
able	19
guidelines	19
personal	19
extension	19
put	19
lists	19
detailed	19
ways	19
focus	19
primary	19
exceptions	19
nfsv	19
pi	19
mb	19
billing	19
ownership	19
bar	19
contrast	18
existing	18
together	18
intended	18
event	18
alternatives	18
gene	18
tests	18
track	18
either	18
academy	18
includes	18
standards	18
language	18
specifically	18
beckman	18
objects	18
task	18
exist	18
else	18
stop	18
shows	18
defined	18
applied	18
compliance	18
org	18
tmp	18
card	18
apt	18
puppet	18
owns	18
keytool	18
ntfs	18
annual	17
website	17
continue	17
major	17
interactive	17
binary	17
free	17
definition	17
quarter	17
activities	17
wald	17
background	17
internet	17
options	17
newsletters	17
leadership	17
readable	17
reset	17
domain	17
ability	17
hands	17
looking	17
versions	17
pages	17
cost	17
identify	17
properties	17
chapter	17
cequencer	17
making	17
directions	17
resource	17
necessary	17
trouble	17
purchase	17
download	17
points	17
doku	17
installed	17
passphrase	17
authorized	17
null	17
button	17
squeue	17
sge	17
mounted	17
disk	17
ollama	17
usb	17
netreg	17
connections	16
pm	16
consider	16
addresses	16
theory	16
retrieval	16
basic	16
needs	16
value	16
history	16
fame	16
due	16
good	16
updating	16
place	16
getting	16
appropriate	16
static	16
possible	16
judgment	16
starting	16
frequently	16
asked	16
least	16
days	16
ask	16
location	16
private	16
fair	16
scontrol	16
failed	16
hints	16
longer	16
gpus	16
installing	16
privilege	16
credentials	16
kernel	16
auto	16
innovative	15
updates	15
better	15
april	15
components	15
complex	15
algorithms	15
updated	15
regarding	15
lower	15
visualization	15
california	15
materials	15
github	15
dd	15
cases	15
prepare	15
scale	15
ideas	15
units	15
currently	15
changing	15
diverse	15
startups	15
verification	15
recovery	15
phone	15
teach	15
instruction	15
ieee	15
man	15
changed	15
sources	15
encourage	15
simply	15
comprehensive	15
much	15
libraries	15
energy	15
string	15
added	15
uses	15
err	15
dev	15
epyc	15
lib	15
gcc	15
simg	15
webapps	15
apps	15
submodule	15
gmail	15
ucibdl	15
solutions	14
inference	14
mathematics	14
throughout	14
fundamentals	14
technology	14
listing	14
final	14
introduces	14
included	14
concurrent	14
approaches	14
validation	14
chen	14
faq	14
affairs	14
careers	14
leading	14
foundations	14
mission	14
identity	14
paper	14
practical	14
availability	14
even	14
usually	14
complexity	14
qualities	14
products	14
present	14
operation	14
needed	14
names	14
premises	14
strongly	14
determine	14
specified	14
supports	14
machines	14
visit	14
accessing	14
details	14
warning	14
inside	14
hello	14
postgresql	14
workspace	14
unable	14
keygen	14
pyslurm	14
vm	14
ava	14
jobid	14
luciad	14
pkg	14
gets	14
best	14
filesystem	14
tab	14
perm	14
siteimprove	14
signage	14
tiers	14
thought	13
teaching	13
assistant	13
yet	13
elements	13
offered	13
relationships	13
fall	13
spring	13
discussion	13
variables	13
structure	13
whether	13
size	13
wish	13
topic	13
active	13
responsible	13
books	13
successful	13
designing	13
situations	13
uml	13
however	13
resume	13
makes	13
represent	13
clients	13
white	13
something	13
conclusions	13
indicates	13
requires	13
artifact	13
meet	13
frameworks	13
scores	13
already	13
going	13
outside	13
compute	13
assistance	13
shipping	13
deliveries	13
characters	13
minutes	13
plugin	13
portal	13
batch	13
pair	13
gres	13
cpus	13
grep	13
reason	13
slurmctld	13
delete	13
remember	13
ctrl	13
logs	13
let	13
payment	13
folder	13
icsuser	13
desktop	13
showcase	12
october	12
partner	12
expo	12
standard	12
physical	12
institutes	12
assignments	12
taken	12
hour	12
social	12
planning	12
second	12
communications	12
material	12
supporting	12
english	12
purpose	12
companies	12
complete	12
option	12
institute	12
boundaries	12
publications	12
conferences	12
depth	12
developing	12
relevant	12
instructor	12
role	12
significant	12
improve	12
recently	12
lifecycle	12
early	12
notes	12
executable	12
property	12
requests	12
cat	12
action	12
risk	12
therefore	12
associated	12
followed	12
assurance	12
ports	12
profile	12
correct	12
diversity	12
visitors	12
bottom	12
corner	12
recognized	12
trying	12
item	12
xml	12
activate	12
limits	12
initadd	12
poison	12
warranty	12
receiving	12
sudoers	12
mkdir	12
kb	12
replace	12
lw	12
fig	12
drwx	12
authentication	12
tardigrade	12
spam	12
gradinfo	12
innovation	11
lecturer	11
discovery	11
valid	11
come	11
architecture	11
shown	11
collection	11
tables	11
dynamic	11
light	11
letters	11
appear	11
fast	11
built	11
backgrounds	11
combination	11
generally	11
anteater	11
pushing	11
committed	11
increase	11
digital	11
gain	11
specify	11
usability	11
computers	11
online	11
editor	11
developer	11
addison	11
review	11
month	11
building	11
fix	11
performance	11
times	11
attributes	11
similar	11
array	11
generated	11
decision	11
expect	11
capture	11
keep	11
give	11
reach	11
allowed	11
mechanisms	11
classroom	11
recommended	11
everything	11
entire	11
clicking	11
happens	11
displayed	11
allocated	11
configure	11
purchases	11
sacct	11
fairshare	11
maxjobs	11
located	11
max	11
luser	11
guest	11
sys	11
result	11
upgrade	11
cuda	11
smb	11
tape	11
everyone	11
acknowledge	11
ld	11
sif	11
rules	11
websites	11
locked	11
signing	11
collaboration	10
continues	10
seminars	10
effects	10
expertise	10
experiential	10
structured	10
upper	10
area	10
advanced	10
david	10
stat	10
association	10
aspects	10
items	10
big	10
fewer	10
tech	10
academia	10
collaborate	10
font	10
construction	10
evaluation	10
essential	10
oo	10
advisor	10
completed	10
professionals	10
march	10
owner	10
vs	10
never	10
later	10
contains	10
particular	10
less	10
bank	10
linked	10
unit	10
report	10
four	10
graphs	10
alternative	10
writing	10
chair	10
curriculum	10
quickly	10
reply	10
scheduling	10
reverse	10
minimum	10
official	10
sent	10
move	10
disciplinary	10
blank	10
looks	10
dot	10
logo	10
executed	10
ucinetid	10
compile	10
supportedos	10
partitions	10
queue	10
messages	10
verify	10
pci	10
vagrant	10
payments	10
shells	10
tensorflow	10
drivers	10
agent	10
hardstatus	10
branch	10
rwx	10
sharing	10
perms	10
pcie	10
putty	10
gsuite	10
filter	10
leaders	9
february	9
creates	9
december	9
recruiting	9
implementing	9
linear	9
random	9
errors	9
associate	9
wang	9
method	9
providing	9
forms	9
artificial	9
se	9
practices	9
extensions	9
representation	9
multi	9
patterns	9
drives	9
challenges	9
deep	9
interactions	9
gg	9
positive	9
ii	9
third	9
day	9
average	9
managers	9
decisions	9
becoming	9
participate	9
discover	9
curiosity	9
happening	9
board	9
decrease	9
negative	9
strategies	9
prerequisites	9
rest	9
interface	9
architectures	9
electronic	9
managing	9
mfc	9
papers	9
conference	9
held	9
notification	9
unified	9
member	9
late	9
june	9
novel	9
concerns	9
edition	9
objectslecture	9
copyright	9
described	9
maxim	9
explicitly	9
contribute	9
purposes	9
influence	9
factors	9
engine	9
communication	9
internships	9
applicants	9
reviews	9
exposed	9
parallel	9
stacks	9
internship	9
apis	9
neural	9
gui	9
record	9
perform	9
chat	9
works	9
net	9
png	9
anything	9
mac	9
period	9
save	9
appears	9
refer	9
mpi	9
scancel	9
accounting	9
daemon	9
allocation	9
attach	9
exit	9
named	9
sgroup	9
sync	9
kill	9
lts	9
rack	9
console	9
boot	9
postgres	9
jupyterlab	9
leave	9
mib	9
serial	9
xr	9
regular	9
portion	9
pod	9
restart	9
modulename	9
cifs	9
icsgroupleader	9
senior	8
abstract	8
stable	8
effect	8
challenge	8
experts	8
archive	8
collaborations	8
enrolled	8
toward	8
considered	8
division	8
game	8
credit	8
probability	8
tbd	8
normal	8
zhaoxia	8
execution	8
feb	8
cell	8
park	8
functional	8
contemporary	8
genome	8
closed	8
person	8
strong	8
store	8
government	8
schools	8
nation	8
facts	8
figures	8
paying	8
thrive	8
pioneering	8
transforming	8
hpi	8
placements	8
innovate	8
stimulate	8
vibrant	8
signature	8
brochures	8
engaging	8
sponsoring	8
scholarships	8
partnering	8
endless	8
homecoming	8
advisory	8
council	8
gift	8
toolbar	8
grayscale	8
underline	8
intensive	8
peer	8
things	8
popular	8
progress	8
traceability	8
rational	8
september	8
volume	8
product	8
statements	8
diagram	8
instances	8
attribute	8
begin	8
away	8
relations	8
substantial	8
turn	8
certain	8
believe	8
enable	8
automated	8
especially	8
received	8
sometimes	8
contacts	8
yvette	8
cruz	8
administrator	8
ongoing	8
instructors	8
modern	8
delivering	8
roles	8
black	8
category	8
parts	8
handling	8
manual	8
iseb	8
experiences	8
accept	8
always	8
suite	8
enrollment	8
conversions	8
blocks	8
deleted	8
enabled	8
disabled	8
configured	8
tags	8
might	8
block	8
src	8
td	8
parameters	8
match	8
sprio	8
nodelist	8
fatal	8
loaded	8
cores	8
ram	8
odin	8
obtain	8
release	8
comma	8
assign	8
avail	8
seconds	8
withassoc	8
reboot	8
daily	8
attached	8
uid	8
stored	8
sandbox	8
privileges	8
locally	8
bus	8
scipy	8
sha	8
passwords	8
copying	8
prompts	8
terminals	8
sssh	8
kg	8
lfs	8
baz	8
hidden	8
outdated	8
unavailable	8
appending	8
quarantine	8
ucinet	8
tier	8
zfs	8
groupaccountname	8
playlist	8
august	7
introductory	7
recommendations	7
estimation	7
leader	7
house	7
accomplishments	7
networking	7
minor	7
math	7
distribution	7
algorithm	7
subject	7
restore	7
partitioning	7
society	7
cf	7
false	7
missing	7
benefits	7
equivalent	7
preferred	7
rate	7
sessions	7
suitable	7
genomics	7
higher	7
counselor	7
beginning	7
dbh	7
stage	7
languages	7
overall	7
evaluate	7
outstanding	7
map	7
theoretical	7
workflow	7
explicit	7
particularly	7
addition	7
started	7
thesis	7
served	7
force	7
ide	7
january	7
mark	7
expensive	7
engineers	7
leads	7
requested	7
integration	7
encapsulation	7
pile	7
initial	7
car	7
optional	7
argument	7
return	7
unique	7
cause	7
latex	7
reading	7
art	7
issue	7
reliability	7
technique	7
statement	7
collections	7
specifications	7
investigated	7
choice	7
say	7
confidences	7
proper	7
constructed	7
symptoms	7
modeled	7
describe	7
thoughts	7
rich	7
guidance	7
seems	7
confirm	7
alternate	7
seek	7
centered	7
bring	7
trees	7
queues	7
hash	7
consumption	7
query	7
character	7
professionally	7
menu	7
stay	7
exchange	7
small	7
maintaining	7
maintain	7
chatbot	7
chart	7
headline	7
plugins	7
pagename	7
quick	7
convert	7
extended	7
displays	7
icon	7
red	7
inline	7
img	7
namespace	7
submission	7
generate	7
pub	7
twice	7
sleepy	7
drain	7
pending	7
launch	7
mode	7
requeue	7
nodename	7
passthrough	7
rc	7
lock	7
pty	7
gold	7
datalab	7
token	7
repo	7
sensitive	7
myjob	7
maxjobspu	7
maxjobspa	7
rockford	7
restrict	7
fails	7
easy	7
cgroup	7
unlimited	7
ok	7
cabinet	7
ac	7
recommend	7
broken	7
srv	7
feel	7
nv	7
verse	7
suspended	7
ending	7
killing	7
tips	7
bashrc	7
correctly	7
temporarily	7
listed	7
someone	7
unless	7
wikipedia	7
grant	7
protected	7
jhub	7
oit's	7
defunct	7
disaster	7
compliant	7
regulations	7
disabilities	7
act	7
sending	7
probably	7
eduroam	7
zotdefend	7
onedrivefilesystem	7
macos	7
cards	7
traversing	7
officially	7
panteater	7
umask	7
fifth	6
grow	6
biostatistics	6
interdisciplinary	6
selection	6
intelligence	6
embedded	6
schedule	6
winter	6
cycle	6
brigitte	6
baldi	6
teaches	6
analyze	6
context	6
laboratory	6
performed	6
checking	6
presentation	6
interests	6
en	6
xu	6
zhang	6
theories	6
genetic	6
selected	6
family	6
improves	6
associations	6
parent	6
efficient	6
ta	6
individual	6
phd	6
company	6
sensor	6
probabilistic	6
states	6
likely	6
production	6
co	6
hci	6
mazmanian	6
video	6
aimed	6
opportunity	6
supervised	6
debra	6
richardson	6
weeks	6
effort	6
fact	6
instruments	6
wesley	6
tool	6
defense	6
proficiency	6
myths	6
separation	6
brooks	6
transactions	6
enhance	6
plan	6
inherent	6
reminder	6
empty	6
balance	6
plus	6
low	6
dependability	6
follows	6
identification	6
though	6
accepted	6
ubiquitous	6
developed	6
along	6
presenting	6
notions	6
improved	6
capabilities	6
assessment	6
difference	6
bit	6
adriana	6
avina	6
applying	6
bachelor	6
transition	6
combinatorial	6
mocking	6
mutation	6
decomposed	6
composition	6
procedural	6
terminology	6
deploy	6
generation	6
fine	6
acquired	6
heaps	6
presentations	6
vulnerabilities	6
protection	6
sets	6
layout	6
runtime	6
admission	6
past	6
transcripts	6
gre	6
submitting	6
score	6
speak	6
excellence	6
placement	6
fulfilling	6
believes	6
complement	6
founded	6
talented	6
hesitate	6
mailing	6
infrastructure	6
moved	6
sharepoint	6
playground	6
shares	6
highlighting	6
sub	6
splitbrain	6
direct	6
double	6
width	6
commonly	6
amount	6
xxxxxxxxxxxx	6
typed	6
awk	6
vim	6
dash	6
supply	6
containers	6
approval	6
securely	6
sshd	6
bind	6
pwd	6
shortcuts	6
strigger	6
queueing	6
immediately	6
tb	6
opteron	6
ntasks	6
paste	6
myoutput	6
venv	6
pip	6
shutdown	6
qstat	6
arg	6
grpcpus	6
compiled	6
cmdline	6
docs	6
appliance	6
rhel	6
virtualbox	6
designated	6
maintained	6
kept	6
air	6
phase	6
facilities	6
yum	6
workstation	6
interfere	6
studio	6
unprivileged	6
audit	6
gunicorn	6
fakeroot	6
lolcow	6
scp	6
vi	6
symbol	6
prompted	6
emacs	6
detaching	6
screenrc	6
detached	6
kw	6
ky	6
remotes	6
symbols	6
entered	6
nameofgroup	6
short	6
conda	6
operationalerror	6
panel	6
failing	6
dashboard	6
americans	6
wcag	6
departmental	6
nouveau	6
initramfs	6
rmmod	6
term	6
esu	6
letter	6
hankwu	6
reads	6
agree	6
pediatric	5
global	5
children	5
personalized	5
causal	5
robust	5
york	5
analyzing	5
experiments	5
talk	5
emphasizes	5
promoting	5
foundation	5
pursue	5
degrees	5
offerings	5
regularly	5
bioinformatics	5
fields	5
mine	5
dogucu	5
square	5
armstrong	5
environmental	5
shen	5
prior	5
covering	5
factor	5
slides	5
li	5
enhanced	5
xue	5
nature	5
revision	5
genetics	5
beyond	5
io	5
mm	5
medicine	5
mapping	5
incorporating	5
parents	5
measures	5
november	5
upon	5
identified	5
pay	5
nd	5
worked	5
educational	5
specialized	5
interest	5
combinations	5
reviewed	5
far	5
goal	5
focusing	5
life	5
style	5
fundamental	5
catalogue	5
representations	5
interfaces	5
methodologies	5
lopes	5
exercises	5
trust	5
melissa	5
consumer	5
processing	5
nt	5
anticipation	5
offering	5
week	5
icse	5
earlier	5
roadmap	5
published	5
defining	5
pp	5
relative	5
fixing	5
fault	5
silver	5
fake	5
applicable	5
programmers	5
mechanics	5
creation	5
zero	5
leaf	5
color	5
determined	5
represented	5
completely	5
conditions	5
normally	5
conceptual	5
visible	5
publishing	5
tr	5
organized	5
brief	5
perspective	5
describes	5
six	5
seven	5
finally	5
corollary	5
prototype	5
applet	5
validated	5
thus	5
lines	5
question	5
despite	5
resulting	5
outcome	5
explain	5
evidence	5
navigate	5
achieve	5
criteria	5
begins	5
think	5
powerful	5
expected	5
around	5
excellent	5
director	5
larger	5
exactly	5
subscribe	5
party	5
perspectives	5
caching	5
meetings	5
tackle	5
whose	5
sam	5
anto	5
diane	5
flamm	5
rina	5
chamkrachang	5
register	5
upload	5
front	5
avoid	5
comment	5
msse	5
touch	5
deployment	5
successfully	5
stephanie	5
administrative	5
scalable	5
excluding	5
attempt	5
announcements	5
interwiki	5
rss	5
namespaces	5
base	5
whole	5
de	5
alignment	5
pre	5
quotes	5
tag	5
alt	5
andreas	5
gohr	5
aspect	5
eligibility	5
restriction	5
prevent	5
sbin	5
tell	5
ran	5
pane	5
stress	5
api	5
salloc	5
sshare	5
fail	5
invalid	5
mismatch	5
clusters	5
quickstart	5
rtx	5
slurmd	5
finished	5
stdout	5
assignment	5
py	5
localhost	5
retrieve	5
commit	5
proc	5
rm	5
qsub	5
calculated	5
priorityweightqos	5
maxsubmit	5
maxtrespu	5
maxtres	5
maxtrespernode	5
logins	5
oom	5
says	5
clustername	5
glossary	5
templates	5
minimal	5
installs	5
fit	5
kubernetes	5
autofs	5
platforms	5
notice	5
hot	5
ticket	5
philosophy	5
resolve	5
grafana	5
everybody	5
openjdk	5
switch	5
exec	5
phpapache	5
dc	5
ksh	5
cpptools	5
balancer	5
screenshots	5
occasionally	5
alias	5
submodules	5
push	5
categories	5
sticky	5
fixed	5
grants	5
restarting	5
flag	5
prevents	5
sftp	5
elnino	5
kubectl	5
instantiation	5
unsecured	5
enabling	5
metrics	5
publicly	5
archived	5
persistently	5
migrating	5
uvm	5
loan	5
copied	5
smbclient	5
sambaserver	5
onegig	5
bs	5
inaugural	4
symposium	4
medtech	4
hackathon	4
seventh	4
forges	4
choc	4
rady	4
dehydration	4
bigger	4
spotlight	4
anthony	4
cusimano	4
parses	4
placing	4
identifying	4
critical	4
lack	4
principal	4
component	4
dual	4
designs	4
zhu	4
consists	4
collaborative	4
offer	4
logic	4
guaranteed	4
revised	4
cse	4
networked	4
entering	4
distributions	4
sample	4
logistic	4
mixed	4
cover	4
cncm	4
du	4
tc	4
holmes	4
imaging	4
liu	4
feng	4
functions	4
speed	4
ombao	4
neuroscience	4
arxiv	4
paul	4
demetriou	4
brain	4
su	4
evolution	4
genotype	4
schaid	4
quantitative	4
scan	4
parameterization	4
conduct	4
freedom	4
ratio	4
tutor	4
college	4
mfa	4
ms	4
foundational	4
kind	4
combining	4
medical	4
basis	4
ibm	4
databases	4
ensures	4
train	4
james	4
jones	4
joshua	4
garcia	4
construct	4
van	4
der	4
hoek	4
standing	4
mohammad	4
moshirpour	4
familiar	4
marie	4
observation	4
analytics	4
indexing	4
clustering	4
cristina	4
discussed	4
smart	4
governance	4
ethics	4
impacts	4
safety	4
facing	4
equips	4
position	4
researcher	4
feedback	4
soon	4
constructing	4
confirmation	4
column	4
principle	4
play	4
soccer	4
booch	4
ole	4
southern	4
leon	4
osterweil	4
int	4
crisis	4
waterfall	4
faking	4
abstraction	4
frederick	4
parnas	4
unused	4
manner	4
inevitable	4
understood	4
enables	4
separated	4
bad	4
reqts	4
easily	4
introduced	4
subtree	4
easier	4
playing	4
mix	4
exists	4
operational	4
thing	4
arguments	4
boe	4
bro	4
produce	4
reliable	4
reasoning	4
pea	4
san	4
ste	4
five	4
everyday	4
scope	4
dependencies	4
demonstrated	4
contain	4
moreover	4
surprisingly	4
respect	4
mind	4
claim	4
significantly	4
ultimately	4
focused	4
fsm	4
unpredictable	4
identifies	4
extensive	4
notable	4
exception	4
situation	4
ideally	4
impossible	4
interrelated	4
augmented	4
entities	4
meaningful	4
enough	4
exceeded	4
monitor	4
reported	4
subjective	4
variable	4
convenient	4
answer	4
involving	4
stating	4
wait	4
listen	4
contexts	4
numerous	4
ideal	4
bridge	4
ensuring	4
dedicated	4
coming	4
formal	4
valuable	4
ready	4
goals	4
spoken	4
portfolio	4
publish	4
latency	4
weekly	4
storing	4
graphical	4
threads	4
protocols	4
searching	4
continuing	4
domestic	4
circumstances	4
response	4
bridges	4
workforce	4
deeper	4
broader	4
direction	4
managerial	4
hallway	4
conversation	4
gone	4
corporations	4
vice	4
idea	4
actually	4
impactful	4
prepares	4
guides	4
coordinator	4
monday	4
friday	4
holidays	4
integrate	4
supplied	4
resetting	4
footnotes	4
feed	4
whitespace	4
wikis	4
urls	4
optionally	4
resize	4
height	4
ordered	4
colspan	4
pipe	4
cells	4
align	4
ends	4
true	4
yaml	4
guid	4
maximum	4
defaults	4
tells	4
requesting	4
reference	4
reserve	4
cgroups	4
controller	4
offline	4
logged	4
permanently	4
scheduler	4
korn	4
ailab	4
processor	4
repository	4
cancel	4
eof	4
hh	4
inserts	4
myerrors	4
delimited	4
sleep	4
clone	4
baldig	4
allocate	4
scripts	4
mps	4
bandwidth	4
peter	4
assoc	4
exp	4
depends	4
goes	4
hand	4
grpjobs	4
grpnodes	4
grpmem	4
grpsubmit	4
grpwall	4
maxnodes	4
syslog	4
systemd	4
deadline	4
ids	4
pid	4
feature	4
vfio	4
matrix	4
repositories	4
caveats	4
comes	4
reasonably	4
chown	4
portable	4
cabinets	4
frames	4
airflow	4
cold	4
ipv	4
approve	4
replacement	4
quote	4
redundant	4
support's	4
opened	4
orders	4
kfs	4
purchased	4
sends	4
cp	4
unnecessary	4
granted	4
permanent	4
lot	4
searched	4
potential	4
figure	4
accomplish	4
wget	4
great	4
rocker	4
hansiskewl	4
dirs	4
remain	4
substitute	4
ab	4
kib	4
layer	4
harbor	4
tunneling	4
balancing	4
donations	4
suggestions	4
remains	4
reniced	4
nologin	4
dbus	4
dns	4
donated	4
posted	4
leaving	4
tabs	4
gnu	4
scrollback	4
user's	4
lt	4
mk	4
dm	4
sdc	4
mnt	4
keystore	4
target	4
deb	4
initialize	4
finding	4
unwanted	4
digits	4
owners	4
labeled	4
digit	4
bits	4
symbolic	4
instructs	4
locate	4
nsf	4
provisioning	4
admin	4
sqlite	4
persistent	4
smartphone	4
desk	4
opt	4
prompting	4
screensaver	4
dingruiz	4
rebuild	4
temperature	4
phpfpm	4
digest	4
endpoint	4
remediation	4
comply	4
aa	4
rule	4
remediate	4
canvas	4
chrome	4
effectively	4
timeline	4
manpath	4
knowing	4
encrypted	4
authenticate	4
iot	4
folders	4
unmanaged	4
aware	4
headless	4
recover	4
nvlink	4
exxact	4
blacklist	4
uname	4
damaged	4
generating	4
ventura	4
saved	4
account's	4
purestorage	4
flashblade	4
pc	4
hangouts	4
inbox	4
membership	4
smbfs	4
fusermount	4
idmap	4
iozone	4
writes	4
commercial	4
offensive	4
photo	4
proof	4
picture	4
firstname	4
checkin	4
examtrak	4
predictive	3
greater	3
ucla	3
covariates	3
adaptive	3
rigorous	3
findings	3
zhou	3
transitions	3
nonparametric	3
density	3
graphics	3
listings	3
chairs	3
filters	3
volodymyr	3
minin	3
cleaning	3
biological	3
lee	3
biology	3
variance	3
presented	3
covered	3
specification	3
samples	3
cai	3
intro	3
taught	3
ap	3
sf	3
grieco	3
calcium	3
au	3
behavioral	3
wu	3
supplemental	3
journal	3
pluta	3
gillen	3
newton	3
bl	3
older	3
articles	3
epidemiology	3
pathway	3
bmc	3
accuracy	3
computationally	3
flexible	3
slightly	3
statistically	3
manuscript	3
cpp	3
comments	3
elementary	3
sean	3
employed	3
ba	3
slider	3
utilize	3
solve	3
physics	3
sports	3
understand	3
recognize	3
gpa	3
grade	3
ucounsel	3
national	3
specialize	3
economics	3
editing	3
jing	3
aims	3
systematic	3
emily	3
navarro	3
correctness	3
iftekhar	3
ahmed	3
teamwork	3
careful	3
announced	3
calls	3
stacy	3
branham	3
anne	3
piper	3
effective	3
alberto	3
martins	3
organizational	3
roderic	3
nicholaus	3
crooks	3
learned	3
young	3
covers	3
adapt	3
grading	3
bietz	3
chapters	3
enclose	3
icsm	3
conjunction	3
original	3
implemented	3
favorite	3
seeking	3
mining	3
rumbaugh	3
proficient	3
hypermedia	3
fullerton	3
objectautomation	3
coherent	3
awarded	3
israel	3
central	3
universal	3
intersection	3
hawaii	3
ren	3
presence	3
engineeringlecture	3
bullet	3
ease	3
proceedings	3
lifetime	3
adapted	3
constant	3
reflect	3
deal	3
engineer	3
incorporate	3
varies	3
behind	3
captures	3
defines	3
invoked	3
counter	3
advantage	3
logical	3
generic	3
depend	3
entity	3
preserved	3
actions	3
stalled	3
overdrawn	3
peyman	3
listening	3
typing	3
tangible	3
terms	3
sensors	3
directed	3
translator	3
nikos	3
drakos	3
leeds	3
tex	3
translation	3
initiated	3
boo	3
benjamin	3
moving	3
acm	3
richard	3
morgan	3
kaufmann	3
stefik	3
sz	3
zo	3
applicability	3
domains	3
abundance	3
suggest	3
interpretation	3
arrive	3
constitutes	3
man's	3
mean	3
thereby	3
volumes	3
consistent	3
metaphor	3
define	3
fraught	3
scheme	3
reasons	3
established	3
adoption	3
questionnaire	3
significance	3
produced	3
primarily	3
inevitably	3
uncertain	3
natural	3
phenomena	3
similarly	3
risks	3
carried	3
pervasiveness	3
involvement	3
remedy	3
urging	3
desiderata	3
activity	3
provision	3
greatly	3
intend	3
relationship	3
sufficient	3
monitored	3
whenever	3
regard	3
becomes	3
scenario	3
failure	3
severity	3
applets	3
increased	3
busy	3
pretty	3
funny	3
tv	3
bio	3
cv	3
masters	3
doctoral	3
choosing	3
forward	3
demand	3
actively	3
stack	3
tuning	3
unsupervised	3
classification	3
nearest	3
neighbors	3
forests	3
vector	3
bear	3
focuses	3
emphasizing	3
portfolios	3
requisite	3
globally	3
budgeting	3
individually	3
detecting	3
assessing	3
notations	3
semi	3
amongst	3
pragmatic	3
architectural	3
scalability	3
advisement	3
mandatory	3
gradient	3
descent	3
backpropagation	3
retrieving	3
textual	3
tokenization	3
inverted	3
indexes	3
tf	3
idf	3
ranked	3
precision	3
recall	3
emulators	3
locks	3
race	3
deadlocks	3
reliance	3
relational	3
nosql	3
sockets	3
sorting	3
algorithmic	3
malek	3
andre	3
eligible	3
ones	3
fee	3
highly	3
dates	3
foreign	3
consideration	3
institution	3
recommendation	3
answers	3
advance	3
compare	3
drop	3
deployed	3
today	3
attend	3
benefit	3
assist	3
serves	3
orus	3
centralized	3
zotgpt	3
operates	3
tracked	3
timely	3
consulted	3
ranges	3
myip	3
forgot	3
wfh	3
downloadable	3
embedding	3
atom	3
macros	3
texts	3
backslashes	3
really	3
andi	3
brackets	3
linking	3
nonexisting	3
mozilla	3
firefox	3
lang	3
curly	3
unordered	3
smileys	3
vertically	3
spans	3
nowiki	3
highlighted	3
actionscript	3
perl	3
rails	3
element	3
parameter	3
author	3
refresh	3
macro	3
wanted	3
tip	3
capability	3
sponsored	3
append	3
socket	3
compilation	3
sbcast	3
sdiag	3
sreport	3
sstat	3
sview	3
cancelled	3
hybrid	3
unresponsive	3
conflict	3
depending	3
bayonet	3
exclusively	3
job's	3
equal	3
stderr	3
trapezoid	3
openmpi	3
forget	3
exits	3
arrayjob	3
dutran	3
downloading	3
tunnel	3
shut	3
allocmem	3
vault	3
defaultaccount	3
copies	3
rather	3
rt	3
terminates	3
nice	3
maxtresperuser	3
maxjob	3
usagethresh	3
grptresmins	3
grpcpumins	3
wc	3
requirement	3
reached	3
maxed	3
hierarchy	3
killer	3
detected	3
medusa	3
mar	3
spool	3
dependency	3
unknown	3
stdin	3
vgpu	3
grid	3
got	3
previously	3
audio	3
half	3
deprecated	3
dr	3
trusted	3
hosting	3
disks	3
crah	3
meets	3
kit	3
oob	3
installations	3
aisle	3
assembled	3
inches	3
builds	3
restrictions	3
raid	3
customer	3
capacity	3
scroll	3
cooled	3
poweralert	3
lshw	3
takes	3
little	3
carefully	3
reduce	3
mv	3
seen	3
invoking	3
julia	3
db	3
zsh	3
loading	3
protect	3
invocations	3
invoke	3
valgrind	3
recorded	3
singularityimages	3
filesystems	3
apparmor	3
pulling	3
godlovedc	3
switches	3
gunicron	3
rp	3
fingerprint	3
providers	3
backgound	3
arcus	3
blob	3
unpack	3
happened	3
csh	3
fsnotifier	3
lowest	3
determining	3
offending	3
damage	3
reservation	3
schedules	3
multiuser	3
sort	3
setuid	3
init	3
gives	3
accessed	3
setgid	3
rwxr	3
recursively	3
explanation	3
liners	3
df	3
issuing	3
removing	3
ads	3
aws	3
archival	3
google's	3
bill	3
invoices	3
allofus	3
consumerprocurement	3
ad	3
forbidden	3
xsrf	3
sqlalchemy	3
exc	3
student's	3
launcher	3
pgsql	3
myenv	3
mapped	3
checked	3
deleting	3
pam	3
returned	3
opening	3
preventing	3
pvc	3
locations	3
thermal	3
fpm	3
encouraged	3
ie	3
removed	3
phishing	3
fully	3
federal	3
word	3
sheets	3
posts	3
threshold	3
yuja	3
reviewing	3
site's	3
selecting	3
loads	3
highlights	3
wireless	3
laptops	3
flash	3
institutions	3
legacy	3
utilization	3
affiliated	3
workplace	3
workstations	3
secret	3
auth	3
authorize	3
mountpoint	3
gdrive	3
crsp	3
lost	3
road	3
cfg	3
mkconfig	3
reinstalled	3
csv	3
numa	3
article	3
fees	3
mobaxterm	3
manually	3
strict	3
appliances	3
youicsusername	3
yourusername	3
transport	3
dig	3
else's	3
pat	3
mh	3
responsibilities	3
room	3
unethical	3
penalties	3
violation	3
screens	3
offenses	3
forum	3
playlists	3
raspberry	3
modelling	2
treatment	2
hilbert	2
michael	2
hill	2
speaker	2
validity	2
framework	2
reinforcement	2
dynamics	2
tensor	2
propose	2
sampling	2
empirical	2
methodology	2
lifelong	2
vision	2
employment	2
healthcare	2
tentative	2
neither	2
ece	2
educ	2
eecs	2
gdim	2
netsys	2
biomedical	2
freshman	2
exploratory	2
proportions	2
chi	2
correlation	2
ellen	2
kucera	2
berrocal	2
collect	2
experimental	2
molecular	2
producing	2
optimization	2
surveys	2
poisson	2
estimating	2
analyses	2
interval	2
hypotheses	2
multivariate	2
reduction	2
lectures	2
sharad	2
mehrotra	2
club	2
zip	2
scholar	2
johnston	2
ulv	2
qiao	2
ketamine	2
cortical	2
guindani	2
th	2
sheng	2
ye	2
dong	2
cognitive	2
uncovering	2
executive	2
dating	2
ridge	2
lur	2
deconvolve	2
trial	2
recordings	2
preprint	2
measurement	2
brandt	2
sy	2
pawling	2
zimmermann	2
dennis	2
acetylglucosamine	2
zheng	2
yang	2
connectivity	2
cooper	2
chemistry	2
moyzis	2
rk	2
greenberger	2
american	2
interacts	2
receptor	2
polymorphism	2
polymorphisms	2
linkage	2
disequilibrium	2
simultaneous	2
calling	2
haplotype	2
explains	2
levine	2
hanley	2
nitao	2
conducts	2
feasible	2
dominant	2
recessive	2
obtained	2
modifying	2
asymptotically	2
likelihood	2
redirect	2
redirected	2
tutors	2
negotiable	2
undergrad	2
qualifications	2
yrs	2
poetry	2
pomona	2
ds	2
mentor	2
udsa	2
introduce	2
amazon	2
admitted	2
lead	2
shortage	2
scientists	2
partial	2
arka	2
saha	2
nan	2
chancellor's	2
examination	2
raymond	2
klefstad	2
nathaniel	2
functionality	2
adriaan	2
internals	2
reuse	2
procedure	2
presents	2
daniel	2
epstein	2
prototyping	2
shrirang	2
jambhekar	2
multimedia	2
productivity	2
min	2
examines	2
consequences	2
undertake	2
organize	2
communicate	2
games	2
records	2
legal	2
implementations	2
consumers	2
technological	2
increasing	2
prerequisite	2
corequisite	2
matthew	2
darren	2
denenberg	2
fax	2
turned	2
conclusion	2
ivan	2
arcadia	2
adobe	2
workshop	2
postscript	2
orientation	2
javabayes	2
besides	2
rollerhockey	2
sport	2
zone	2
pointers	2
objective	2
agents	2
rose	2
omt	2
trained	2
mentoring	2
upcoming	2
specializing	2
formerly	2
participated	2
viewer	2
facility	2
proposed	2
inc	2
phoenix	2
july	2
italy	2
adjacent	2
springer	2
verlag	2
yosemite	2
dani	2
steinberg	2
jr	2
harry	2
beach	2
kloesch	2
book	2
essence	2
accidents	2
clements	2
contraction	2
mythical	2
anniversary	2
carlo	2
dominated	2
rapidly	2
defects	2
repair	2
entirely	2
affects	2
views	2
analyzed	2
responsibility	2
describing	2
desirable	2
desired	2
spec	2
harness	2
coding	2
continually	2
template	2
populate	2
leaves	2
loop	2
increment	2
throw	2
player	2
rewind	2
destroy	2
belonging	2
viewpoint	2
employee	2
identical	2
responding	2
breakdown	2
hungry	2
tired	2
exhibits	2
informally	2
buildings	2
transaction	2
oreizy	2
barry	2
boehm	2
cummings	2
gem	2
gemmer	2
hmw	2
iee	2
lit	2
bev	2
littlewood	2
measure	2
nea	2
par	2
pearl	2
francisco	2
zrk	2
thirty	2
detail	2
phases	2
solid	2
succinctly	2
relevance	2
anchored	2
suggested	2
annotated	2
conducting	2
substantiate	2
confined	2
hinders	2
constitute	2
investigation	2
intricate	2
lived	2
delivered	2
releases	2
integrated	2
subtle	2
impediments	2
viewed	2
suffices	2
formally	2
contend	2
efficacy	2
necessarily	2
summarized	2
causality	2
speaks	2
compared	2
separate	2
subsystem	2
evaluated	2
humans	2
failures	2
affect	2
attempting	2
attempts	2
accurate	2
possibly	2
plays	2
decide	2
priorities	2
helps	2
treated	2
briefly	2
continuously	2
prediction	2
pitfalls	2
mentioned	2
addressed	2
guided	2
comparison	2
thresholds	2
eventually	2
beliefs	2
beneficial	2
retain	2
webs	2
placed	2
revealed	2
subjects	2
posit	2
isomorphic	2
refined	2
studied	2
fluctuation	2
showed	2
improvement	2
hypothesized	2
achieved	2
ever	2
meantime	2
fan	2
chance	2
jim	2
watch	2
roaming	2
certified	2
movies	2
merage	2
creative	2
lives	2
ethnographic	2
mit	2
words	2
asks	2
ichair	2
mhcid	2
prospective	2
appointment	2
excited	2
integrity	2
award	2
thank	2
fellows	2
changers	2
preparing	2
tailored	2
sum	2
interview	2
preparation	2
additions	2
changer	2
ties	2
krone	2
algol	2
jaclyn	2
kung	2
lennox	2
antop	2
dflamm	2
rchamkra	2
deadlines	2
arrays	2
matter	2
moment	2
waivers	2
contributed	2
informational	2
enroll	2
unofficial	2
legend	2
exam	2
chances	2
strengths	2
scans	2
individuals	2
professors	2
transfer	2
wrong	2
disciplined	2
quantifiable	2
heavily	2
dependable	2
considering	2
pursuing	2
mentors	2
augment	2
practicalities	2
culminating	2
defend	2
quarters	2
summarizing	2
laboratories	2
prestigious	2
insights	2
emerges	2
doesn	2
visualizations	2
lessons	2
transform	2
dramatic	2
reliably	2
incarnations	2
customized	2
trivial	2
endeavor	2
performing	2
infrastructures	2
guaranteeing	2
classic	2
innovations	2
experiment	2
naturally	2
venues	2
entrepreneurs	2
businesses	2
advice	2
steady	2
stream	2
demo	2
soft	2
excel	2
booming	2
targets	2
arts	2
humanities	2
exposing	2
engineered	2
taste	2
interviews	2
graduation	2
mimic	2
firsthand	2
mature	2
practiced	2
atavina	2
stephw	2
sectioning	2
quoting	2
aggregation	2
markup	2
datafiles	2
pressing	2
simpler	2
bold	2
italic	2
underlined	2
monospaced	2
combine	2
subscript	2
superscript	2
sup	2
del	2
newline	2
linebreaks	2
automagically	2
colon	2
wikipedia's	2
explorer	2
javascript	2
resizing	2
parentheses	2
footnote	2
headlines	2
notoc	2
resized	2
gif	2
whitespaces	2
filename	2
indention	2
strings	2
conversion	2
mainly	2
typography	2
pattern	2
lets	2
rows	2
headers	2
vertical	2
apart	2
opposite	2
nothing	2
smiley	2
indented	2
preformatted	2
quoted	2
highlight	2
geshi	2
helloworldapp	2
css	2
div	2
gdb	2
haskell	2
lisp	2
modula	2
ocaml	2
oracle	2
specifying	2
myexample	2
raw	2
span	2
feeds	2
simplepie	2
call	2
htmlok	2
gallery	2
sortable	2
wrap	2
preset	2
acct	2
confirmed	2
automatic	2
contigent	2
onboarding	2
visitor	2
hence	2
leftmost	2
identityfile	2
daemons	2
fun	2
threaded	2
equivalences	2
reporting	2
alter	2
equivalencies	2
checkpointing	2
requeued	2
slurmd's	2
paramteres	2
smt	2
additionally	2
modifies	2
tutorials	2
hpc	2
consumable	2
blazar	2
biodatascience	2
lucy	2
drg	2
pedigree	2
olivia	2
benson	2
broadchurch	2
mariadb	2
diagnostic	2
trigger	2
routines	2
kewl	2
seq	2
mpirun	2
pass	2
passed	2
incognito	2
serverapp	2
schedmd	2
statecompact	2
freemem	2
cpusstate	2
cpusload	2
gresused	2
combined	2
inspect	2
oversubscribe	2
virtualenv	2
pyslurmenv	2
cython	2
alloccpus	2
reqtres	2
jobname	2
workdir	2
igb	2
inst	2
executes	2
hung	2
specifies	2
pyexec	2
ace	2
cwd	2
chdir	2
adjusted	2
pick	2
calculating	2
grptres	2
rawshares	2
normshares	2
rawusage	2
normusage	2
effectvusage	2
levelfs	2
tresrunmins	2
ops	2
hog	2
preserve	2
released	2
avaialble	2
indicated	2
persist	2
saw	2
fs	2
tmpfs	2
seemed	2
killed	2
leak	2
confident	2
highest	2
reflects	2
rpc	2
cli	2
statesavelocation	2
userid	2
xxx	2
groupid	2
label	2
licenses	2
distrib	2
turds	2
allowing	2
titan	2
lspci	2
iommu	2
kvm	2
virt	2
troubleshoot	2
rebooting	2
unhindered	2
autonomy	2
impersonating	2
limted	2
rocky	2
netapp	2
ontap	2
omnios	2
impersonate	2
mongodb	2
keberos	2
distro	2
configurations	2
insecure	2
kerber	2
meats	2
uncommon	2
delegated	2
delegate	2
irreconcilable	2
kickstart	2
rescue	2
miscellaneous	2
pxe	2
routinely	2
cross	2
definable	2
checklist	2
vital	2
racks	2
consult	2
ordering	2
band	2
ipmi	2
tpm	2
side	2
cables	2
asking	2
cable	2
ft	2
length	2
chassis	2
rj	2
fc	2
charge	2
heat	2
hvac	2
input	2
capital	2
assets	2
asset	2
ton	2
motors	2
replaced	2
observium	2
moe	2
larry	2
compiling	2
ldconfig	2
firewalls	2
sudoer	2
mess	2
boilerplatestemplate	2
incomplete	2
privileged	2
safely	2
ephemeral	2
restricted	2
escalation	2
reinstallation	2
icinga	2
completion	2
anaconda	2
nodejs	2
prefix	2
librarypath	2
dmesg	2
iptables	2
tried	2
ex	2
dis	2
initializing	2
rebuilding	2
stopping	2
subuid	2
subgid	2
gid	2
specializations	2
userns	2
pgdata	2
serve	2
biaslab	2
catalina	2
jaspic	2
xsd	2
dockerfile	2
logout	2
converting	2
temporary	2
personalize	2
numbed	2
signatures	2
bebd	2
accf	2
fffd	2
ae	2
bc	2
cde	2
dfc	2
fdec	2
ce	2
hyc	2
texera	2
kiwi	2
denied	2
bare	2
metal	2
openhub	2
fairly	2
prioritization	2
cleanup	2
cleared	2
requiring	2
rbash	2
tcsh	2
tmux	2
rksh	2
serv	2
ion	2
clangd	2
xdg	2
mime	2
remotely	2
returning	2
spare	2
donate	2
cheat	2
sheet	2
unusual	2
inability	2
floor	2
tecmint	2
multiplexes	2
usual	2
buffer	2
mechanism	2
regions	2
independent	2
rograms	2
kills	2
contained	2
foreground	2
wil	2
quitting	2
ramon	2
limon	2
wether	2
closing	2
reconnecting	2
whatever	2
reload	2
deflogin	2
nw	2
vbell	2
alwayslastline	2
aclchg	2
attrcolor	2
termcapinfo	2
xterm	2
af	2
defbce	2
endlessly	2
constraint	2
physically	2
browse	2
certificate	2
utility	2
unload	2
cert	2
sslpoke	2
resolved	2
initialization	2
undo	2
origin	2
extract	2
dpkg	2
somewhere	2
petems	2
hiera	2
tested	2
permissive	2
assigns	2
ead	2
rite	2
ecute	2
wx	2
closest	2
precedence	2
utilities	2
outputs	2
portions	2
colored	2
translate	2
demonstrate	2
explanations	2
drwxr	2
recursive	2
denotes	2
translated	2
denoted	2
undesirable	2
delimiter	2
icons	2
harmless	2
restrictive	2
vulnerability	2
yield	2
tldp	2
linux's	2
moo	2
nac	2
hjm	2
tutorial	2
head	2
linuxbox	2
indicating	2
signed	2
mange	2
subscription	2
profiles	2
babaks	2
chenli	2
ramesh	2
jain	2
gcloud	2
beta	2
iam	2
juliojr	2
vipada	2
transferring	2
triage	2
certficate	2
notebooks	2
netstat	2
snap	2
tcpdump	2
shift	2
pg	2
ipykernel	2
tile	2
debug	2
happy	2
libpaths	2
newer	2
xfce	2
resolving	2
occurred	2
silently	2
dear	2
ssh'ing	2
duosupportdesk	2
htm	2
encounter	2
complaining	2
oauth	2
came	2
saver	2
disable	2
vsx	2
helm	2
occurs	2
reviewnb	2
gitplus	2
testbed	2
shooting	2
raritan	2
dashboards	2
alerting	2
measured	2
closet	2
documented	2
temperatures	2
duration	2
uri	2
routine	2
rewriting	2
scanned	2
emails	2
threats	2
gateway	2
urldefense	2
malware	2
safe	2
discarded	2
governments	2
preexisting	2
spreadsheet	2
assuming	2
approved	2
webpage	2
replay	2
scoring	2
heldpesk	2
basics	2
handle	2
tracking	2
guarantee	2
bugs	2
interactively	2
drawbacks	2
noticeable	2
appreciated	2
migration	2
wi	2
fi	2
traffic	2
wpa	2
phones	2
registered	2
bodleian	2
evolving	2
acccounts	2
macosx	2
recieve	2
homedir	2
testfile	2
money	2
extraordinary	2
nvml	2
falling	2
mprime	2
redhat	2
bios	2
efi	2
onto	2
fuser	2
kmod	2
el	2
nvarr	2
realloc	2
hold	2
nvlinks	2
affinity	2
interconnect	2
queries	2
gen	2
atlassian	2
servicedesk	2
loaned	2
dell	2
latitude	2
docking	2
station	2
outlined	2
zot	2
registrar's	2
vcl	2
eol	2
pro	2
microsoft's	2
blog	2
gp	2
hdd	2
inner	2
ring	2
forwardagent	2
stops	2
jumphost	2
fd	2
chain	2
easiest	2
macintosh	2
retention	2
repeat	2
hourly	2
accidentally	2
cybertron	2
ldapsearch	2
cn	2
nismapentry	2
tank	2
accordingly	2
pros	2
cons	2
cheap	2
grads	2
discuss	2
filtering	2
photos	2
howto	2
vacation	2
hanging	2
ptanteater	2
mask	2
gentoo	2
umount	2
rac	2
xls	2
userspace	2
citizenship	2
acknowledgements	2
buy	2
establish	2
political	2
serious	2
reasonable	2
violate	2
cheating	2
crc	2
violations	2
cooperation	2
polices	2
isset	2
attempted	2
attendant	2
registration	2
receipt	2
eee	2
handing	2
driver's	2
idverified	2
led	2
punctuation	2
lastname	2
middlename	2
accountable	2
anyquestions	2
birthday	2
girl	2
boy	2
friend's	2
westernized	2
arabic	2
numerals	2
alphanumeric	2
inquiries	2
meeting	2
agendas	2
calendars	2
personnel	2
wellness	2
played	2
starter	2
hdmi	2
computername	2
advancing	1
introducing	1
informal	1
anna	1
fergusson	1
auckland	1
modifiers	1
falco	1
bargagli	1
stoffi	1
risking	1
spurious	1
valued	1
kosorok	1
north	1
carolina	1
chapel	1
separable	1
dependence	1
wen	1
workhorse	1
randomized	1
trials	1
relies	1
optimal	1
phibe	1
yuhua	1
rl	1
exhibit	1
smooth	1
dimensions	1
trains	1
daren	1
ucsd	1
algebraic	1
smoothing	1
continued	1
grown	1
discrete	1
electives	1
virtually	1
graduates	1
sectors	1
entertainment	1
transfers	1
communicating	1
reproducible	1
inferential	1
intervals	1
permits	1
veronica	1
observational	1
cellular	1
evolutionary	1
ecology	1
simulation	1
wenzhuo	1
weining	1
categorical	1
contingency	1
loglinear	1
ana	1
kenney	1
longitudinal	1
cohort	1
survival	1
censored	1
generalized	1
equations	1
openbugs	1
axiomatic	1
expectation	1
wanrong	1
tianchen	1
qian	1
hengrui	1
discriminant	1
jan	1
aug	1
citations	1
byf	1
ysaaaaj	1
hl	1
clustered	1
omics	1
intranasal	1
delivery	1
induces	1
disinhibition	1
eneuro	1
molloi	1
ar	1
polivka	1
zhao	1
redmond	1
itkin	1
antunes	1
ct	1
lymphangiography	1
quantify	1
thoracic	1
duct	1
lymphatic	1
flow	1
radiology	1
d'angelo	1
canale	1
detection	1
spikes	1
noisy	1
biometrics	1
foden	1
aj	1
sj	1
nguyen	1
jc	1
tran	1
md	1
olga	1
jaime	1
mosquito	1
cryptochromes	1
expressed	1
drosophila	1
confer	1
species	1
responses	1
neurogenetic	1
handsome	1
rugged	1
ovulatory	1
shifts	1
womens	1
preferences	1
masculinity	1
men	1
gauran	1
penalization	1
dimensional	1
frontiers	1
anova	1
neuron	1
inferences	1
neuronal	1
guidani	1
varying	1
spike	1
betweenness	1
shape	1
bellmann	1
strobl	1
hg	1
chien	1
dorr	1
wuerfel	1
jt	1
jw	1
marker	1
progressive	1
sclerosis	1
neurodegeneration	1
jama	1
neurology	1
penalized	1
mantel	1
gavornik	1
jp	1
lai	1
gandhi	1
sp	1
subanesthetic	1
reactivates	1
adult	1
plasticity	1
amblyopia	1
heritability	1
unveil	1
multidimensional	1
golzar	1
rahman	1
scheel	1
myelination	1
triggering	1
oligodendrocyte	1
precursor	1
differentiation	1
connectome	1
interiano	1
kazemi	1
komarova	1
nl	1
musical	1
trends	1
predictability	1
songs	1
charts	1
royal	1
nuno	1
skin	1
histocompatibility	1
mhc	1
attraction	1
asian	1
daters	1
gender	1
opioid	1
serotonin	1
mkhikian	1
diabetes	1
reveal	1
additive	1
epistatic	1
mgat	1
genes	1
immunity	1
parental	1
supplementary	1
shahbaba	1
shachaf	1
cm	1
deng	1
pseudosibship	1
contrasting	1
locus	1
heredity	1
weng	1
macciardi	1
subramanian	1
guffanti	1
potkin	1
sg	1
xie	1
snp	1
enrichment	1
browning	1
phasing	1
reduces	1
garner	1
ziogas	1
anton	1
culver	1
determination	1
hildebrandt	1
mat	1
variation	1
expression	1
impute	1
genotypes	1
population	1
sequential	1
componentwise	1
hastings	1
gibbs	1
sampler	1
bitcount	1
controls	1
pchisq	1
pvalues	1
readme	1
instant	1
endorsing	1
recommending	1
convenience	1
discretion	1
lynn	1
gao	1
lmgao	1
ed	1
graded	1
aged	1
corey	1
katz	1
ckatz	1
specialization	1
cal	1
poly	1
slo	1
christina	1
magana	1
ramirez	1
cmaganar	1
rd	1
arnold	1
seong	1
akseong	1
reduced	1
lynsie	1
warr	1
lwarr	1
hr	1
ulisses	1
rizo	1
urizo	1
chadwick	1
prep	1
calculus	1
iii	1
mathematical	1
fourth	1
myriad	1
engines	1
bing	1
rank	1
shopping	1
forecast	1
warehouses	1
astronomy	1
terabytes	1
telescope	1
particles	1
visualize	1
massive	1
amounts	1
forecasting	1
cumulative	1
samsung	1
boeing	1
finance	1
insurance	1
pharmaceutical	1
nasa	1
nist	1
dod	1
acording	1
mckinsey	1
united	1
alone	1
faces	1
analytical	1
million	1
analysts	1
talent	1
technically	1
advantages	1
puts	1
scientist	1
lasting	1
nine	1
participants	1
astrostatistics	1
function	1
genomes	1
arkajyos	1
nanb	1
umme	1
ayda	1
mannan	1
stressing	1
notation	1
paradigms	1
equip	1
operative	1
thoroughness	1
offering's	1
preceding	1
thomas	1
aesthetics	1
interoperabilty	1
ietf	1
consent	1
upperdivision	1
elena	1
agapie	1
interviewing	1
widget	1
toolkits	1
geo	1
spatial	1
paradigm	1
brainstorming	1
interative	1
walk	1
accetance	1
classifying	1
daye	1
nam	1
datasets	1
perception	1
inform	1
scenarios	1
kylie	1
aine	1
peppler	1
stakeholders	1
consultants	1
exercise	1
madhusudhana	1
reddy	1
workspaces	1
aehong	1
societal	1
reputation	1
justice	1
culture	1
gather	1
television	1
viet	1
vu	1
varied	1
patient	1
fieldwork	1
tianchu	1
lyu	1
evaluations	1
care	1
prototypes	1
iterative	1
subfield	1
empower	1
literacy	1
heath	1
unprecedented	1
curating	1
kai	1
eng	1
nets	1
tel	1
textbooks	1
syllabus	1
consortium's	1
oml	1
rational's	1
tysh	1
ooad	1
affords	1
titled	1
esec	1
fse	1
acrobat	1
treat	1
draft	1
submissions	1
acceptance	1
incarnation	1
entitled	1
automation	1
moses	1
consortium	1
mirror	1
chicago	1
illinois	1
provo	1
utah	1
afit	1
lonnie	1
chrisman's	1
accompanying	1
courtesy	1
fabio	1
cozman	1
cmu	1
aforementioned	1
tennis	1
hike	1
jog	1
swim	1
arena	1
hockey	1
espn	1
friend	1
neno	1
uci's	1
tenure	1
teacher	1
consultant	1
corresponding	1
compilers	1
fortune	1
promising	1
compendium	1
technion	1
haifa	1
sc	1
cum	1
laude	1
navigating	1
demonstration	1
triton	1
programmer	1
israeli	1
jacobson	1
workbench	1
stp	1
seeobject	1
wosa	1
mvs	1
volt	1
delta	1
orange	1
mca	1
ericsson	1
netsoft	1
sony	1
transcom	1
refereed	1
bari	1
sorrento	1
hicss	1
kauai	1
stanley	1
sutton	1
heimbigner	1
yessayan	1
maybee	1
xiping	1
song	1
redondo	1
architecting	1
isaw	1
seke	1
inheritance	1
hard	1
monterey	1
ghezzi	1
et	1
al	1
prentice	1
practitioner	1
roger	1
pressman	1
mcgraw	1
classical	1
stephen	1
schach	1
irwin	1
ian	1
sommerville	1
faulty	1
unusable	1
outpacing	1
consistently	1
fashion	1
orderly	1
predictable	1
deals	1
undergo	1
elimination	1
correction	1
modification	1
mastering	1
concentration	1
sequence	1
separately	1
traditional	1
equipped	1
perfectly	1
designers	1
pays	1
pretend	1
accommodated	1
malleable	1
catch	1
manpower	1
law	1
destroying	1
split	1
bug	1
affected	1
fastforward	1
getremainingtime	1
gettrack	1
programtoplay	1
settrack	1
deposit	1
withdraw	1
getbalance	1
gas	1
mileage	1
price	1
weight	1
getcolor	1
getmodel	1
getweight	1
setmake	1
setprice	1
setyear	1
polygon	1
bordercolor	1
fillcolor	1
vertices	1
surface	1
erase	1
rotate	1
angle	1
descriptions	1
instantiations	1
drawn	1
rectangular	1
compartments	1
characteristic	1
wells	1
fargo	1
concrete	1
merely	1
existence	1
semantics	1
destroyed	1
distinguishes	1
citizen	1
automobile	1
plate	1
identifiers	1
determines	1
acts	1
reacts	1
passing	1
withdrawing	1
encompasses	1
talking	1
pacing	1
smiling	1
sitting	1
bored	1
jeep	1
cherokee	1
paid	1
vhs	1
rewinding	1
overhead	1
projector	1
battery	1
sleeping	1
crisply	1
intangible	1
sales	1
interchangeably	1
trucks	1
apprehended	1
intellectually	1
integers	1
isn	1
beauty	1
emotions	1
love	1
anger	1
verbs	1
peymano	1
intropaper	1
washington	1
grady	1
redwood	1
city	1
ma	1
heckerman	1
abe	1
mamdani	1
wellman	1
dictionary	1
lorenzo	1
strigini	1
ultrahigh	1
neapolitan	1
expert	1
wiley	1
lorge	1
judea	1
plausible	1
publishers	1
mateo	1
twenty	1
taylor	1
jo	1
lle	1
coutaz	1
editors	1
berlin	1
heidelberg	1
kl	1
sch	1
historical	1
diagrams	1
discusses	1
justify	1
impressions	1
eight	1
abounds	1
scientific	1
pursuits	1
nevertheless	1
hope	1
maxims	1
readers	1
occurrences	1
plans	1
exploring	1
internets	1
originally	1
disoriented	1
widely	1
substantiated	1
elaborated	1
extremely	1
perhaps	1
handiworks	1
intrinsic	1
accidental	1
afforded	1
distinct	1
comprising	1
millions	1
versioned	1
manuals	1
forth	1
correlated	1
poses	1
intricacy	1
hypertexts	1
viewing	1
inter	1
intra	1
developer's	1
relieving	1
complexities	1
concerned	1
confusion	1
disorientation	1
characteristics	1
facilitate	1
concern	1
facilitation	1
unpredictability	1
abound	1
fluctuate	1
vague	1
formulation	1
took	1
biologists	1
chemists	1
specimens	1
constituents	1
dna	1
sequences	1
throughly	1
thoroughly	1
collected	1
elicited	1
gathered	1
unavoidable	1
experienced	1
traced	1
origins	1
defect	1
indirectly	1
poor	1
insufficient	1
untimely	1
costs	1
unexpected	1
slips	1
justifies	1
practitioners	1
alleviate	1
largely	1
overlooked	1
omission	1
surprising	1
initially	1
muse	1
perceived	1
permeates	1
absent	1
disregarded	1
pivotal	1
strategy	1
ferreting	1
face	1
minimization	1
systematically	1
wherever	1
fluctuations	1
conclude	1
instigate	1
shuffle	1
holds	1
promise	1
estimate	1
firmly	1
formalisms	1
arrives	1
realistic	1
weighed	1
certainty	1
dempster	1
shafer	1
fuzzy	1
monotonic	1
nonmonotonic	1
merits	1
implementability	1
interesting	1
efficiency	1
maintainability	1
csr	1
testability	1
implications	1
ramifications	1
progresses	1
continuous	1
predefined	1
testers	1
notified	1
constraints	1
numerically	1
expanding	1
enhancements	1
granularity	1
comparing	1
granularities	1
afford	1
ui	1
rebus	1
doors	1
requisitepro	1
incorporation	1
recognizes	1
ignored	1
softbayes	1
indicate	1
influencing	1
expert's	1
recording	1
deemed	1
captured	1
limitations	1
observed	1
obtaining	1
independence	1
assumption	1
subsequent	1
depictions	1
relevancy	1
proved	1
confirming	1
suspicions	1
embodies	1
stemming	1
laws	1
software's	1
vaguely	1
versus	1
notion	1
analyst	1
incorporated	1
suggests	1
confirms	1
conclusionpaper	1
abstractpaper	1
stuff	1
greatest	1
btw	1
cup	1
european	1
championships	1
anybody's	1
guess	1
stink	1
fairweather	1
fans	1
jungle	1
rome	1
notwithstanding	1
chris	1
everett	1
decked	1
couple	1
nearly	1
bothers	1
repulsive	1
commentary	1
truth	1
hurts	1
dead	1
universe	1
buff	1
picasso's	1
guernica	1
madrid	1
impression	1
joint	1
sociologist	1
revolve	1
relation	1
quantification	1
conducted	1
qualitative	1
emerge	1
manipulation	1
generativeai	1
undergraduates	1
pleasure	1
earned	1
sloan	1
wanda	1
orlikowski	1
joanne	1
yates	1
msi	1
michigan	1
literature	1
colorado	1
christine	1
families	1
nyt	1
perfect	1
ultimate	1
unattainable	1
wbur	1
pandemic	1
struggled	1
dreams	1
overworked	1
atlantic	1
america	1
yunan	1
manger	1
matt	1
kaelyn	1
costa	1
sharonsuh	1
katie	1
pine	1
myth	1
ecosystem	1
rehabilitation	1
misq	1
turns	1
seemingly	1
overnight	1
rehabilitating	1
oes	1
promises	1
thrilled	1
gillian	1
hayes	1
anamara	1
ritt	1
olson	1
kana	1
huang	1
surveillance	1
trustworthy	1
caregivers	1
danah	1
boyd	1
beth	1
bechky	1
scholars	1
thinkers	1
tailor	1
alongside	1
contributing	1
holistic	1
industries	1
unlock	1
gap	1
leverage	1
propel	1
coveted	1
qualification	1
pioneers	1
blends	1
craft	1
dive	1
months	1
mastery	1
hear	1
adithya	1
vardhan	1
workshops	1
invaluable	1
implement	1
giving	1
translates	1
stands	1
delivers	1
centric	1
cherine	1
cho	1
efficiently	1
researching	1
gaining	1
thoughtfully	1
helped	1
deepened	1
became	1
incredibly	1
jackson	1
bolcer	1
chose	1
exposure	1
stood	1
welcoming	1
pivot	1
obvious	1
ve	1
land	1
exciting	1
innovator	1
endowed	1
mmoshirp	1
iftekha	1
sbranham	1
joshug	1
emilyo	1
dean	1
dean's	1
jajones	1
kungj	1
dlennox	1
associative	1
involve	1
dominating	1
successes	1
encountered	1
employer	1
matriculation	1
postsecondary	1
uploaded	1
attendance	1
grades	1
marks	1
credits	1
toefl	1
ielts	1
lieu	1
enriches	1
applicant	1
scholarly	1
delays	1
agency	1
photocopies	1
achievements	1
weaknesses	1
motivation	1
supervisors	1
gcounsel	1
coordinates	1
fellowships	1
handles	1
relating	1
tries	1
quickbuttons	1
paragraphs	1
paragraph	1
forced	1
newlines	1
pagenames	1
converted	1
lowercase	1
camelcase	1
hint	1
section's	1
bookmark	1
rely	1
wp	1
sense	1
homogeneous	1
browsing	1
workaround	1
userscript	1
js	1
nosmblinks	1
dashes	1
horizontal	1
tooltip	1
browsers	1
caption	1
jpeg	1
indent	1
replacements	1
converts	1
emoticon	1
equivalents	1
lol	1
fixme	1
deleteme	1
typographically	1
tm	1
multiplication	1
horizontally	1
separators	1
tableheaders	1
separator	1
decides	1
rowspans	1
rowspan	1
percent	1
signs	1
indenting	1
sourcecode	1
highlighter	1
implements	1
void	1
args	1
println	1
acme	1
kickass	1
tasm	1
devpac	1
abap	1
french	1
applescript	1
asm	1
asp	1
autoconf	1
autohotkey	1
autoit	1
avisynth	1
bascomavr	1
gl	1
bf	1
bibtex	1
blitzbasic	1
bnf	1
loadrunner	1
caddcl	1
cadlisp	1
cfdg	1
cfm	1
chaiscript	1
cil	1
clojure	1
cmake	1
cobol	1
coffeescript	1
qt	1
csharp	1
cuesheet	1
dcs	1
delphi	1
diff	1
dos	1
epc	1
ecmascript	1
eiffel	1
erlang	1
euphoria	1
falcon	1
fo	1
fortran	1
freebasic	1
fsharp	1
gambas	1
genero	1
genie	1
glsl	1
gml	1
gnuplot	1
groovy	1
gettext	1
gwbasic	1
hicest	1
hq	1
idl	1
ini	1
inno	1
intercal	1
jquery	1
kixtart	1
klonec	1
klonecpp	1
lb	1
llvm	1
locobasic	1
logtalk	1
lolcode	1
lotusformulas	1
lotusscript	1
lscript	1
lsl	1
lua	1
magiksf	1
mapbasic	1
matlab	1
mirc	1
mmix	1
mpasm	1
mxml	1
newlisp	1
nsis	1
oberon	1
objc	1
objeck	1
oobas	1
oxygene	1
oz	1
pascal	1
pcre	1
pf	1
pike	1
pic	1
pixelbender	1
pli	1
plsql	1
povray	1
powerbuilder	1
powershell	1
proftpd	1
prolog	1
providex	1
purebasic	1
pycon	1
qbasic	1
rebol	1
reg	1
robots	1
rpmspec	1
rsplus	1
ruby	1
sas	1
scala	1
scilab	1
sdlbasic	1
smalltalk	1
smarty	1
sql	1
systemverilog	1
tcl	1
teraterm	1
thinbasic	1
tsql	1
typoscript	1
unicon	1
uscript	1
vala	1
vbnet	1
vb	1
verilog	1
vhdl	1
visualfoxpro	1
visualprolog	1
winbatch	1
whois	1
xbasic	1
xorg	1
xpp	1
zxbasic	1
myfile	1
embed	1
uppercase	1
border	1
px	1
dashed	1
parsing	1
formats	1
rendering	1
authors	1
stripped	1
dhm	1
cached	1
obviously	1
inappropriate	1
render	1
rendered	1
slashdot	1
influences	1
renders	1
availble	1
nocache	1
caches	1
eg	1
rerender	1
dokuwiki's	1
damien	1
regad	1
santalucia	1
wilson	1
contributors	1
adds	1
luis	1
machuca	1
bezzaza	1
behaviour	1
dw	1
luigi	1
micco	1
converter	1
indexmenu	1
samuele	1
tognini	1
gerrit	1
uitslag	1
customizable	1
anael	1
mobilia	1
anika	1
henke	1
combines	1
functionalities	1
divs	1
cropped	1
activating	1
conferred	1
renewable	1
workers	1
submits	1
affiliation	1
processed	1
launching	1
verified	1
expressly	1
solely	1
generates	1
phraseless	1
unencrypted	1
wired	1
vulnerable	1
unauthorized	1
aaaab	1
nzac	1
yc	1
prerequites	1
import	1
getsockname	1
tolerant	1
annotate	1
binaries	1
distribute	1
monolithic	1
complilation	1
capable	1
hermod	1
tristram	1
vulcan	1
hypernova	1
kilonova	1
neuromancer	1
wintermute	1
benedictus	1
invictus	1
velox	1
markov	1
liv	1
bird	1
dizzy	1
deepreasoning	1
csc	1
titans	1
cronus	1
hyperion	1
oceanus	1
rhea	1
tethys	1
themis	1
zhanglab	1
galaxy	1
laniakea	1
voyager	1
nvl	1
moot	1
slurmdbd	1
worker	1
fysik	1
dtu	1
dk	1
niflheim	1
sattach	1
transmit	1
signal	1
comprise	1
interacting	1
sleeper	1
snippet	1
substitution	1
grab	1
kiwenlau	1
monte	1
silly	1
mpicc	1
lm	1
uncomment	1
np	1
ten	1
hrs	1
sec	1
exclusive	1
arbitrarily	1
collecting	1
whl	1
shutting	1
wise	1
hostnames	1
native	1
transmitted	1
plaintext	1
specfied	1
elapsed	1
maxrss	1
maxvmsize	1
nnodes	1
ncpus	1
jobib	1
submitline	1
setups	1
yuzok	1
genera	1
allocates	1
sbacast	1
queued	1
scrontrol	1
circinux	1
lots	1
summarize	1
multifactor	1
weighted	1
evoke	1
openllab	1
qacct	1
parition	1
jobe	1
exited	1
accountingstroageenforce	1
accountingstorageenforce	1
adminsitration	1
ha	1
normalized	1
partitionname	1
usagethres	1
ammount	1
calculatd	1
summing	1
hogging	1
percentage	1
constantly	1
subscribed	1
tends	1
shed	1
lights	1
adjusting	1
qosgrpmemlimit	1
launchfailedrequeuheld	1
originates	1
slurmctl	1
misconfigured	1
sched	1
backfill	1
requeuing	1
foreach	1
perf	1
slice	1
liquidated	1
slurmstepd	1
handler	1
pressure	1
chunk	1
managment	1
handled	1
posix	1
getent	1
corruption	1
override	1
intentional	1
arrayjobid	1
arraytaskid	1
mcs	1
jobstate	1
restarts	1
batchflag	1
exitcode	1
derivedexitcode	1
timelimit	1
timemin	1
submittime	1
eligibletime	1
accruetime	1
starttime	1
endtime	1
suspendtime	1
secspresuspend	1
lastschedeval	1
allocnode	1
sid	1
reqnodelist	1
excnodelist	1
batchhost	1
numnodes	1
numcpus	1
numtasks	1
reqb	1
tres	1
socks	1
ntaskspern	1
corespec	1
mincpusnode	1
minmemorycpu	1
mintmpdisknode	1
delayboot	1
contiguous	1
bionets	1
sana	1
mbiogrid	1
predict	1
egrep	1
dfr	1
maxwall	1
maxtresmin	1
assocgrpcpulimit	1
host's	1
grepping	1
nn	1
grouped	1
ignore	1
msrs	1
kernal	1
proceed	1
libvirt	1
lastly	1
compatible	1
purge	1
accommodate	1
consisting	1
relocation	1
retirement	1
expansion	1
estimated	1
eta	1
manages	1
approximately	1
feet	1
colocate	1
colocated	1
constrained	1
mountable	1
neatly	1
tall	1
door	1
elevator	1
idrac	1
ilom	1
administration	1
aka	1
encrypting	1
intake	1
exhaust	1
specialty	1
pdus	1
compatibility	1
addressing	1
vendors	1
viable	1
powering	1
planned	1
conform	1
sliding	1
deracking	1
holes	1
toolless	1
measurements	1
diy	1
psu	1
nbd	1
sqft	1
btu	1
applies	1
cord	1
surprised	1
outlets	1
fiber	1
reimbursement	1
chosen	1
dcim	1
meant	1
finances	1
homepage	1
custom	1
heart	1
requisition	1
attachments	1
expand	1
hide	1
ewaste	1
disposing	1
threedacd	1
aire	1
water	1
glycol	1
circuits	1
motor	1
projected	1
replacing	1
climate	1
bsas	1
funding	1
switchport	1
incorrect	1
systemctl	1
comport	1
cordoned	1
strives	1
strike	1
stability	1
conformity	1
uniformly	1
fleet	1
gatekeeper	1
blocker	1
derail	1
delegation	1
authority	1
groupings	1
familiarity	1
expanded	1
capacities	1
coordinate	1
approves	1
group's	1
promiscuous	1
contention	1
switching	1
ahead	1
disrupt	1
consuming	1
detect	1
occasion	1
break	1
difficult	1
nonsensical	1
counterproductive	1
beneath	1
drv	1
undeployed	1
avoids	1
corrupt	1
repaired	1
centrally	1
alerts	1
near	1
natively	1
javac	1
wildcards	1
postgresl	1
rehome	1
belong	1
libs	1
although	1
lsblk	1
lsscsi	1
scsi	1
meminfo	1
cpuinfo	1
htop	1
startup	1
employs	1
rebooted	1
circumvent	1
felt	1
ordinary	1
nltk	1
modulefiles	1
mistake	1
maybe	1
usuaully	1
unecessary	1
caused	1
produces	1
sylabs	1
rocm	1
mappings	1
sysctl	1
furthermore	1
unpriv	1
laughing	1
cow	1
gpu's	1
infon	1
postgreseql	1
env	1
tiangolo	1
meinheld	1
flask	1
establishing	1
driectory	1
systema	1
intoy	1
authenticity	1
ecdsa	1
jddej	1
mjbngem	1
icdpg	1
kcvxi	1
vk	1
kmiy	1
esppc	1
openlab's	1
configureation	1
sed	1
vers	1
putting	1
swiki	1
helpsdesk	1
fakegroup	1
sifs	1
switche	1
prefer	1
sex	1
liked	1
imagefile	1
teh	1
ipynb	1
fetch	1
cnf	1
instanced	1
gcr	1
deepmath	1
hol	1
oci	1
blobs	1
dbe	1
fca	1
ff	1
ecddcb	1
manifest	1
destination	1
btls	1
cache	1
ee	1
fa	1
tix	1
considers	1
connects	1
nano	1
restoration	1
ont	1
weekends	1
breaks	1
finals	1
saturday	1
sunday	1
tipsandtricks	1
itemnetfs	1
ro	1
certificates	1
openssl	1
showcerts	1
tagme	1
pem	1
importcert	1
trustcacerts	1
aliasname	1
issued	1
passwd	1
argv	1
skellingtonv	1
nobody	1
hiccup	1
rename	1
elses	1
disposition	1
packagecloud	1
bionic	1
anonymous	1
branched	1
impliment	1
merge	1
biolinux	1
tail	1
tar	1
gzip	1
aliases	1
chained	1
conventions	1
pssh	1
returns	1
linuxcommand	1
file's	1
sep	1
examining	1
superuser	1
interpreted	1
convey	1
modular	1
passive	1
likewise	1
terraform	1
extend	1
inexpensive	1
charged	1
investing	1
coldline	1
regional	1
hyperlink	1
expedite	1
cloudedugrants	1
venice	1
mutlple	1
verifying	1
subscriptions	1
arrow	1
unfurls	1
pencil	1
compartmentalize	1
advertised	1
zoom	1
relay	1
chosse	1
completes	1
creatin	1
receipts	1
viability	1
numerical	1
weather	1
cern	1
zika	1
powered	1
gce	1
lacked	1
marketplace	1
glcoud	1
bindings	1
mlcarril	1
wdcohen	1
janet	1
rostami	1
orderadmin	1
etag	1
bwximgb	1
transforms	1
standardized	1
gfortran	1
kernels	1
iftop	1
iotop	1
mtr	1
ss	1
vmstat	1
isolated	1
compete	1
forking	1
another's	1
customizations	1
tokens	1
scypi	1
staging	1
ew	1
hubs	1
buttons	1
initdb	1
ctl	1
logfile	1
sizes	1
drag	1
uploads	1
popup	1
launched	1
intellisense	1
cdr	1
fork	1
folks	1
goharbor	1
rf	1
places	1
foremost	1
instructor's	1
ta's	1
attention	1
experiencing	1
middle	1
earth	1
redeploy	1
body	1
minimally	1
remind	1
duoldap	1
duoauthproxy	1
authevents	1
msg	1
preauth	1
reject	1
hook	1
housing	1
ssp	1
sendtoken	1
caps	1
accepting	1
reloading	1
jsalk	1
crashed	1
pidof	1
unlocked	1
preventative	1
goto	1
entry	1
adjust	1
allowprivilegeescalation	1
discourse	1
fetching	1
code's	1
restored	1
internally	1
ctlaltdel	1
clicked	1
junjies	1
age	1
failedkillpod	1
kubelet	1
centaurus	1
killcontainer	1
killcontainererror	1
desc	1
timeout	1
grace	1
pop	1
backwards	1
reinstalling	1
investigating	1
labextension	1
ingress	1
symptom	1
anylonger	1
thread	1
arises	1
concurrency	1
simultaneously	1
terminate	1
reapply	1
recreate	1
pv	1
squlite	1
centeral	1
snaptosts	1
plotting	1
cran	1
contrib	1
curl	1
prometheus	1
snmp	1
weblogs	1
elk	1
elasticsearch	1
pimped	1
searchable	1
dale	1
xerus	1
dec	1
thurman	1
handlers	1
highs	1
lows	1
onboard	1
pool	1
conn	1
len	1
slow	1
procs	1
permit	1
naming	1
tas	1
initiative	1
adopting	1
arriving	1
incorporates	1
rewritten	1
proofpoint's	1
malicious	1
blocking	1
protecting	1
hovering	1
guard	1
assumed	1
filtered	1
categorized	1
buckets	1
quarantined	1
midnight	1
emailproofpoint	1
accordance	1
justice's	1
doj	1
ruling	1
universities	1
pdfs	1
captions	1
provost	1
worksheets	1
repeated	1
reproduces	1
audiotapes	1
film	1
negatives	1
roms	1
recordkeeping	1
conventional	1
parties	1
individualized	1
secured	1
acceptable	1
directors	1
remediating	1
archiving	1
unpublishing	1
roadblocks	1
overly	1
burdensome	1
unpublish	1
roundup	1
wand	1
anteaters	1
branham's	1
panorama	1
immediate	1
dtei	1
videos	1
powers	1
lighthouse	1
devtools	1
accessibilitrees	1
badging	1
bite	1
sized	1
trainings	1
ucop	1
systemwide	1
measuring	1
aligns	1
scanning	1
inventory	1
inactive	1
abandoned	1
remediated	1
creators	1
lookout	1
completing	1
scheduled	1
inactivity	1
andrew	1
berk	1
quite	1
anymore	1
faster	1
almost	1
behave	1
unpredictably	1
piece	1
persists	1
lates	1
everytime	1
configuring	1
importantly	1
insulates	1
petty	1
package's	1
frees	1
precise	1
pathnames	1
pieces	1
spend	1
skel	1
prints	1
initrm	1
removes	1
seem	1
needlessly	1
bloated	1
rarely	1
mutually	1
incompatible	1
undesireable	1
modulerun	1
modulefile	1
john	1
furlani	1
sunsoft	1
usenix	1
lisa	1
diego	1
sd	1
deciding	1
integrates	1
participating	1
worldwide	1
institutional	1
anyone	1
signals	1
removal	1
ethernet	1
lecturers	1
coverage	1
ios	1
android	1
repurposed	1
closer	1
enforced	1
encryption	1
syncing	1
occurring	1
corresponds	1
tiered	1
rolled	1
optimize	1
sustainable	1
closely	1
seamless	1
duplicates	1
unneeded	1
periodically	1
exceeds	1
notifications	1
storagetiers	1
thes	1
resides	1
fileserver	1
generously	1
cyberinfrastructure	1
polite	1
hogs	1
quotad	1
usernme	1
pops	1
unclick	1
notify	1
anyway	1
worry	1
accidently	1
refn	1
castle	1
crontab	1
doit	1
documentations	1
transcript	1
quit	1
json	1
sa	1
googleusercontent	1
urn	1
finish	1
documetation	1
versbose	1
flags	1
limiting	1
bwlimit	1
googledrivefilesystem	1
nfsscratch	1
manufacturer	1
schoolf	1
preservation	1
rcic	1
skipped	1
blacklisted	1
modprobe	1
uefi	1
lsmod	1
hat	1
enterprise	1
enablerepo	1
dracut	1
latched	1
skipping	1
uninstalled	1
dkms	1
matching	1
drm	1
modeset	1
rerun	1
gsub	1
brand	1
slot	1
uuid	1
overheating	1
intense	1
simons	1
lambda	1
unplug	1
cords	1
psus	1
sr	1
iov	1
referenced	1
properly	1
pairs	1
topo	1
smp	1
qpi	1
upi	1
phb	1
pxb	1
pix	1
bonded	1
custhelp	1
vbios	1
timestamp	1
pstate	1
reservations	1
webcam	1
bluetooth	1
wiped	1
borrower	1
borrowers	1
incur	1
mention	1
annually	1
glut	1
eclipse	1
gimp	1
fpga	1
altera	1
modelsim	1
quartus	1
gsview	1
ghostview	1
ghostscript	1
gns	1
irfanview	1
jetbrains	1
clion	1
pycharm	1
junit	1
mingw	1
esr	1
notepad	1
pydev	1
subclipse	1
racket	1
byob	1
berkeley	1
steel	1
textpad	1
vmware	1
weka	1
wing	1
deletions	1
apporto	1
efc	1
ecb	1
personally	1
decided	1
investigator	1
supermicro	1
trt	1
corporation	1
xp	1
ssd	1
asus	1
gddr	1
productive	1
brings	1
netid	1
lefthand	1
disconnect	1
readd	1
apple	1
contextually	1
cyberciti	1
biz	1
forwarding	1
iu	1
bdnt	1
keyfile	1
dsa	1
differently	1
altkeyname	1
automate	1
computure	1
key's	1
exmaple	1
groupleader's	1
cyberduck	1
moboxterm	1
usable	1
stores	1
ucommonly	1
reconcile	1
simplified	1
coupled	1
hijacked	1
accomplishing	1
clearing	1
droidwin	1
differ	1
retained	1
quota'd	1
finder	1
cyberton	1
typical	1
frequent	1
overwritten	1
alternatively	1
explorer's	1
automount	1
dn	1
nismapname	1
byname	1
nightly	1
spectrum	1
monthly	1
burden	1
vdi	1
nearing	1
dependent	1
unmanged	1
abbreviated	1
tg	1
uplink	1
backbone	1
compression	1
automounter	1
everywhere	1
nvme	1
localfs	1
abundant	1
locafs	1
slower	1
counts	1
tbs	1
quarterly	1
excluded	1
unrestricted	1
dial	1
spreadsheets	1
messaging	1
voice	1
webpages	1
mangalam	1
figured	1
whitelist	1
appearing	1
whitelists	1
gear	1
blocked	1
ungraduate	1
strictly	1
duties	1
opposed	1
coincidental	1
distinction	1
preserving	1
creator	1
newly	1
stripping	1
breaking	1
commenting	1
libldap	1
fictional	1
filler	1
utils	1
wants	1
subdirectory	1
subdir	1
browseable	1
printable	1
interact	1
basically	1
fedora	1
fedorasolved	1
ftp	1
automating	1
linuxjournal	1
node's	1
manifests	1
rootpw	1
rsh	1
netgroups	1
ihler	1
actual	1
prohibiting	1
mounts	1
unmount	1
yourkeyfile	1
localuser	1
dumped	1
fat	1
lstat	1
lv	1
unsupported	1
hangs	1
histfile	1
revisit	1
hutz	1
patched	1
edgy	1
honesty	1
pc's	1
responsibly	1
classified	1
ingenuity	1
harms	1
suspect	1
your's	1
sun	1
regents	1
carry	1
modest	1
friends	1
bulletin	1
boards	1
tie	1
waiting	1
bills	1
advertising	1
religious	1
doubt	1
viruses	1
worms	1
trojan	1
horses	1
cracking	1
spoofing	1
adopted	1
forbids	1
lunch	1
fraction	1
people's	1
spy	1
diskettes	1
taking	1
deliberate	1
investigate	1
suspected	1
incident	1
advertise	1
earn	1
posting	1
advertisement	1
market	1
permitted	1
elsewhere	1
sexually	1
abortion	1
potentially	1
rooms	1
printers	1
hun	1
dred	1
seriousness	1
offense	1
sanctions	1
interrim	1
committee	1
depart	1
ment	1
cuss	1
abuse	1
obligation	1
capriciously	1
bboard	1
expressing	1
disagreement	1
infractions	1
unlocking	1
abusing	1
lowered	1
severe	1
repeating	1
lose	1
remainder	1
dismissed	1
police	1
penal	1
abuses	1
crime	1
prison	1
impositions	1
enforce	1
rigidly	1
ordinarily	1
flagrant	1
annoy	1
cc'ing	1
waste	1
printouts	1
recycling	1
bins	1
columbia	1
incoming	1
forwarded	1
faqs	1
thunderbird	1
targeted	1
workgroups	1
eases	1
plain	1
unleash	1
wrote	1
bloggers	1
customizing	1
tricks	1
newsletter	1
irc	1
channel	1
wishes	1
wikimatrix	1
humble	1
thanks	1
donating	1
bucks	1
mailinglist	1
greyed	1
dsign	1
subdirectories	1
containing	1
movie	1
rotation	1
overlapping	1
canakit	1
noise	1
mini	1
sandisk	1
webapp	1
usernames	1
hyphenated	1
variant	1
nslookup	1
supervisor	1
printer	1
