accessibility.ics.uci.edu, 4
cert.ics.uci.edu, 1
code.ics.uci.edu, 14
containers.ics.uci.edu, 1
courselisting.ics.uci.edu, 4
cs.uci.edu, 1
gitlab.ics.uci.edu, 2
gradinfo.ics.uci.edu, 1
hub.ics.uci.edu, 3
ics.uci.edu, 133
informatics.ics.uci.edu, 5
informatics.uci.edu, 1
isg.ics.uci.edu, 186
luci.ics.uci.edu, 4
mcs.ics.uci.edu, 12
mds.ics.uci.edu, 9
mhcid.ics.uci.edu, 19
mswe.ics.uci.edu, 10
myip.ics.uci.edu, 1
nalini.ics.uci.edu, 6
stat.ics.uci.edu, 7
stat.uci.edu, 1
swiki.ics.uci.edu, 15
wiki.ics.uci.edu, 352
www.ics.uci.edu, 33
www.informatics.ics.uci.edu, 1
www.informatics.uci.edu, 6
www.stat.uci.edu, 2
xtune.ics.uci.edu, 6
