ics	6420
support	3427
wiki	3132
log	2588
uci	2267
tools	1938
edu	1903
access	1453
please	1238
password	1200
software	1185
login	1175
user	1139
username	1076
php	1064
https	1055
group	986
doku	931
account	842
old	829
information	827
page	809
revisions	805
backlinks	767
using	744
changes	737
site	735
email	683
recent	664
helpdesk	659
media	649
manager	649
need	643
sitemap	622
will	597
make	580
skin	547
research	542
authentication	532
enter	531
currently	521
sure	518
restricted	510
computing	503
details	500
credentials	500
remember	496
enabled	495
pages	494
logged	486
cookies	477
services	475
privileges	474
obtaining	467
insufficient	466
affiliates	465
can	447
storage	427
announcements	415
use	413
following	390
quarter	388
students	380
home	378
data	378
campus	358
files	351
file	351
hardware	349
security	341
directory	337
available	336
network	326
may	317
resources	302
openlab	296
faculty	295
commands	289
us	283
ssh	282
google	280
instructional	273
slurm	267
light	265
student	262
web	262
virtual	261
computer	260
system	259
request	250
maintenance	247
help	247
lab	243
content	239
policies	236
remote	235
new	231
undergraduate	230
applications	230
back	226
backups	225
engineering	224
linux	220
environments	214
share	211
duo	209
graduate	208
run	208
statistics	206
command	204
program	202
license	202
version	200
show	197
project	195
ai	191
server	191
irvine	190
see	186
systems	186
top	186
common	184
host	184
apache	183
hosts	183
running	182
winter	179
list	176
cluster	175
last	175
accounts	174
test	173
follow	172
space	172
name	171
science	168
tasks	164
module	163
one	162
set	162
users	161
time	159
otherwise	157
tracker	157
cc	156
add	155
txt	155
status	154
uc	153
modified	153
sidebar	153
contact	152
development	151
international	151
licensed	151
en	150
announcement	150
trace	149
except	149
via	148
dokuwikii	148
fall	147
work	147
slide	147
alike	146
noted	146
permissions	146
attribution	145
noncommercial	145
bren	142
sudo	142
community	140
include	139
labs	138
managed	138
pdf	137
de	136
pagesource	135
cs	134
export	134
spring	133
windows	133
school	132
check	131
singularity	130
programs	127
like	127
open	127
change	127
first	126
screen	126
oit	126
department	125
process	125
job	124
get	124
vpn	122
management	121
informatics	121
monitoring	121
view	120
testing	118
pimped	118
projects	116
staff	116
table	115
academic	114
address	113
contents	113
key	112
also	112
package	112
service	112
packages	111
environment	110
uncertainty	110
create	110
example	110
gpu	110
jupyterhub	110
spotlights	108
path	108
class	107
shell	107
hub	106
install	106
well	105
cloud	105
edit	105
policy	104
design	104
summer	104
code	104
modules	102
series	101
current	101
object	101
browser	101
directories	100
keys	100
center	99
navigation	99
used	99
ubuntu	99
next	99
vscode	99
error	98
find	97
news	96
inf	96
documentation	95
learning	94
additional	94
docker	94
device	94
topics	93
close	93
unix	93
black	93
programming	92
specific	92
must	92
send	92
red	92
two	91
provide	90
www	90
ip	90
seminar	89
course	89
swe	89
sbatch	89
centos	89
read	87
mail	87
servers	87
purple	87
hours	86
start	86
location	86
root	86
blue	86
dtr	86
click	84
yes	84
nvidia	84
yellow	84
green	84
part	83
donald	83
machine	83
modeling	83
self	83
configuration	83
load	83
equipment	83
gb	82
team	81
com	81
end	81
announce	81
including	80
nfs	80
experience	79
note	79
number	79
node	79
http	78
axel	78
previous	77
link	77
drive	77
usage	77
search	76
connect	76
installation	76
submit	75
order	75
bin	74
local	74
sacctmgr	74
power	74
allow	73
bayesian	72
python	72
accessibility	71
people	70
world	70
type	70
html	70
troubleshooting	70
skip	69
admissions	69
corporate	69
now	69
based	69
case	69
professional	68
career	68
analysis	68
id	68
questions	68
jobs	68
future	67
dokuwiki	67
mysql	67
setup	67
hostname	67
advising	66
sciences	66
stats	66
intranet	66
operating	65
full	65
ziv	65
large	64
links	64
per	64
qos	64
solaris	64
classes	63
index	63
accessible	63
setting	63
general	62
etc	62
different	62
domain	62
provided	62
gitlab	62
git	62
wifi	62
researchers	61
schedule	61
non	61
requirements	61
connected	61
ls	61
go	61
samba	61
hall	60
processes	60
scratch	60
events	59
github	59
office	59
required	59
look	59
connection	59
jupyter	59
circinus	59
gsuite	59
many	58
networks	58
default	58
limited	58
sshfs	58
mount	58
alumni	57
related	57
ca	57
text	57
levels	57
provides	57
adobe	57
microsoft	57
client	57
omnios	57
print	56
oriented	56
extra	56
ugrad	56
passcode	56
styles	55
overview	55
instance	55
website	54
courses	54
study	54
hadar	54
state	54
update	54
visit	54
bash	54
honors	53
within	53
connecting	53
introduction	53
working	53
java	53
none	53
snapshots	53
capstone	52
document	52
laptop	52
manage	52
agent	52
updated	51
application	51
long	51
right	51
longer	51
main	50
industry	50
human	50
members	50
internet	50
ethical	50
graphic	50
allows	50
logging	50
rstudio	50
permission	50
principles	49
groups	49
write	49
welcome	49
language	49
message	49
report	49
much	49
sge	49
url	49
devices	48
public	48
sites	48
select	48
review	48
require	48
guide	48
step	48
nodes	48
supported	48
cpu	48
hans	48
kerberos	48
requesttracker	48
rights	47
model	47
take	47
ensure	47
mobile	47
important	47
priority	47
desktop	47
statistical	46
opportunities	46
partnerships	46
want	46
learn	46
free	46
port	46
library	46
instructions	46
proofpoint	46
ghz	46
execute	46
app	46
gsu	46
financial	45
archive	45
database	45
three	45
techniques	45
behavior	45
phone	45
uncertainties	45
cost	45
chmod	45
os	45
lecture	44
updates	44
apply	44
settings	44
standards	44
receive	44
walbert	44
areas	43
typically	43
privacy	43
year	43
continue	43
without	43
installed	43
nov	43
zotdefend	43
university	42
methods	42
yu	42
results	42
issues	42
single	42
problems	42
reset	42
several	42
examples	42
dissertation	42
still	42
window	42
gcp	42
clear	41
explore	41
calendar	41
better	41
range	41
understanding	41
confidence	41
master	41
instruction	41
way	41
secure	41
choose	41
script	41
ldap	41
onedrive	41
checkin	41
impact	40
level	40
machines	40
display	40
spaces	40
sign	40
prompt	40
workspace	40
partition	40
platform	40
health	39
reserved	39
factor	39
know	39
reports	39
implementation	39
summary	39
box	39
section	39
try	39
supports	39
syntax	39
image	39
output	39
sh	39
srun	39
shiny	39
toggle	39
hahn	39
majors	38
organizations	38
steps	38
means	38
exploration	38
multiple	38
source	38
session	38
format	38
activation	38
groupleader	38
ucinetid	38
usr	38
backed	38
pm	37
control	37
models	37
personal	37
computers	37
building	37
cd	37
mswe	37
compute	37
purchase	37
grad	37
backup	37
starts	36
partners	36
offers	36
ph	36
automatically	36
ada	36
exist	36
types	36
given	36
download	36
gcc	36
trusted	36
apps	36
gmail	36
awards	35
modify	35
addresses	35
creating	35
every	35
wide	35
core	35
conf	35
notes	35
external	35
created	35
date	35
deliveries	35
idle	35
memory	35
var	35
disk	35
aid	34
distinguished	34
positions	34
business	34
concepts	34
multi	34
complete	34
skills	34
called	34
values	34
risk	34
known	34
row	34
col	34
quotas	34
terminal	34
container	34
tomcat	34
jupyterlab	34
maps	33
across	33
field	33
point	33
just	33
another	33
shared	33
technical	33
belief	33
remove	33
failed	33
directly	33
jun	33
line	33
directions	33
echo	33
datacenter	33
authenticate	33
nessus	33
announcments	33
success	32
facebook	32
footer	32
special	32
event	32
guidelines	32
opengpu	32
copy	32
apt	32
quota	32
spam	32
isset	32
youtube	31
emergency	31
description	31
rw	31
able	31
options	31
involved	31
quality	31
found	31
others	31
count	31
low	31
designed	31
mem	31
fuse	31
owned	31
checkout	31
tutoring	30
entrepreneurship	30
features	30
simple	30
problem	30
twitter	30
linkedin	30
instagram	30
preparedness	30
networking	30
regarding	30
restore	30
intel	30
latest	30
adding	30
vm	30
kubernetes	30
custom	30
wordpress	30
netreg	30
outage	30
recruitment	29
variety	29
enrolled	29
real	29
form	29
track	29
build	29
info	29
done	29
made	29
protection	29
internal	29
fri	29
pdt	29
followed	29
primary	29
added	29
mounting	29
amd	29
lts	29
writable	29
push	29
tardigrade	29
synchronization	29
matx	29
enjoy	28
minors	28
inclusion	28
operations	28
title	28
runs	28
interested	28
either	28
documents	28
even	28
getting	28
june	28
artifacts	28
press	28
lists	28
making	28
engine	28
deleted	28
rsa	28
notebook	28
messages	28
grub	28
puppet	28
privilege	28
fireeye	28
limitless	27
extracurricular	27
outreach	27
clubs	27
engagement	27
connections	27
high	27
major	27
solution	27
various	27
technologies	27
teams	27
includes	27
versions	27
objects	27
left	27
clients	27
days	27
configured	27
sent	27
corner	27
config	27
practice	26
assistant	26
procedures	26
education	26
training	26
purpose	26
place	26
references	26
identify	26
indicates	26
live	26
trouble	26
quick	26
vagrant	26
replace	26
rules	26
anmelden	26
endpoint	26
centers	25
degree	25
intelligent	25
closed	25
interaction	25
day	25
driven	25
hypertext	25
since	25
good	25
put	25
developers	25
often	25
tree	25
requests	25
instead	25
resource	25
bottom	25
points	25
limit	25
located	25
snapshot	25
tape	25
miscellaneous	25
become	24
distributed	24
faq	24
managing	24
owner	24
exists	24
organization	24
defined	24
appliance	24
needed	24
copyright	24
driver	24
helpful	24
block	24
post	24
shipping	24
private	24
null	24
configure	24
xeon	24
installing	24
pull	24
total	24
xargs	24
sys	24
card	24
webapps	24
vulnerability	24
icsweb	24
assistants	24
emphasis	23
existing	23
studies	23
submitted	23
activities	23
departments	23
option	23
written	23
verification	23
started	23
plan	23
detailed	23
shows	23
useful	23
comprehensive	23
already	23
ask	23
debugging	23
org	23
heading	23
uses	23
repo	23
rnail	23
billing	23
best	23
receiving	23
aws	23
signage	23
consulting	22
develop	22
approach	22
regression	22
professor	22
years	22
technology	22
intended	22
hypothesis	22
knowledge	22
needs	22
images	22
beginning	22
changing	22
role	22
availability	22
man	22
writing	22
static	22
issue	22
requires	22
determine	22
instructors	22
join	22
applied	22
necessary	22
assistance	22
chat	22
formatting	22
nfsv	22
purchases	22
sinfo	22
mounted	22
initadd	22
assigned	22
let	22
usb	22
faqs	22
auto	22
rclone	22
term	22
supplier	22
components	21
visual	21
interactive	21
dynamic	21
whether	21
structures	21
value	21
recovery	21
extension	21
due	21
march	21
re	21
products	21
else	21
contributions	21
purposes	21
going	21
allowed	21
compliance	21
monday	21
exceptions	21
containers	21
mb	21
token	21
cuda	21
folder	21
passwords	21
keytool	21
ntfs	21
sharing	21
notebooks	21
scanning	21
zfs	21
compsci	21
arr	21
academics	20
broad	20
listing	20
basic	20
binary	20
materials	20
th	20
among	20
computational	20
cases	20
instructor	20
ability	20
chapter	20
ways	20
starting	20
asked	20
least	20
outside	20
exam	20
entire	20
chatbot	20
accessing	20
foo	20
minutes	20
portal	20
button	20
fair	20
tmp	20
smi	20
pkg	20
upgrade	20
dir	20
console	20
floor	20
chgrp	20
octal	20
bar	20
unavailable	20
sending	20
apple	20
filter	20
solutions	19
collaboration	19
consider	19
included	19
social	19
variables	19
california	19
du	19
appear	19
third	19
history	19
academy	19
leadership	19
paper	19
online	19
week	19
tool	19
september	19
task	19
appropriate	19
properties	19
meet	19
fail	19
possible	19
sources	19
focus	19
simply	19
keep	19
reach	19
libraries	19
everything	19
pi	19
queue	19
hints	19
tb	19
unlimited	19
daily	19
feel	19
ownership	19
certificates	19
anymore	19
chem	19
trellix	19
tenable	19
contrast	18
complex	18
together	18
definition	18
alternatives	18
gene	18
tests	18
ii	18
background	18
active	18
hands	18
looking	18
however	18
specifically	18
beckman	18
vs	18
product	18
times	18
specified	18
tv	18
stop	18
strongly	18
associated	18
frequently	18
friday	18
warning	18
authorized	18
ava	18
guest	18
grid	18
owns	18
tensorflow	18
modulename	18
gradinfo	18
securing	18
innovative	17
annual	17
april	17
method	17
come	17
planning	17
communications	17
wald	17
missing	17
wish	17
ideas	17
responsible	17
newsletters	17
readable	17
digital	17
relevant	17
significant	17
acrobat	17
member	17
usually	17
integration	17
enough	17
similar	17
contains	17
white	17
cequencer	17
turn	17
enable	17
administrator	17
scheduling	17
permitted	17
suite	17
net	17
inside	17
activate	17
passphrase	17
unable	17
squeue	17
limits	17
mode	17
poison	17
verify	17
result	17
warranty	17
openjdk	17
loading	17
ollama	17
kernel	17
leave	17
sun	17
inquiries	17
examtrak	17
mgmt	17
maint	17
innovation	16
teaching	16
errors	16
throughout	16
theory	16
final	16
retrieval	16
second	16
structure	16
prepare	16
fame	16
increase	16
identity	16
interface	16
video	16
electronic	16
improve	16
notification	16
updating	16
fix	16
performance	16
present	16
makes	16
instances	16
changed	16
cat	16
action	16
judgment	16
contacts	16
reviews	16
meetings	16
ports	16
restrictions	16
recommended	16
move	16
exchange	16
oracle	16
pair	16
prevent	16
dev	16
scontrol	16
reason	16
clusters	16
release	16
gpus	16
tab	16
bc	16
denied	16
prompts	16
opt	16
signing	16
brenschool	16
uisl	16
openssh	16
senior	15
physical	15
fundamentals	15
algorithms	15
advanced	15
assignments	15
lower	15
eecs	15
visualization	15
tbd	15
validation	15
intro	15
dd	15
chen	15
material	15
fast	15
mfa	15
scale	15
units	15
affairs	15
generally	15
diverse	15
startups	15
successful	15
situations	15
oo	15
teach	15
lifecycle	15
early	15
crisis	15
myths	15
ieee	15
complexity	15
never	15
later	15
maintain	15
portion	15
attributes	15
less	15
names	15
something	15
encourage	15
alternate	15
quickly	15
energy	15
attempted	15
string	15
dot	15
postgresql	15
err	15
supportedos	15
epyc	15
lib	15
delete	15
luciad	15
sensitive	15
input	15
facilities	15
filesystem	15
switch	15
simg	15
dns	15
submodule	15
wireless	15
ucinet	15
putty	15
ucibdl	15
commercial	15
str	15
firewall	15
printing	15
mathematica	15
effect	14
inference	14
yet	14
elements	14
standard	14
challenge	14
mathematics	14
offered	14
relationships	14
area	14
introduces	14
discussion	14
tables	14
concurrent	14
approaches	14
subject	14
delivery	14
items	14
built	14
careers	14
topic	14
leading	14
foundations	14
mission	14
conferences	14
practical	14
january	14
concerns	14
edition	14
qualities	14
received	14
represent	14
works	14
operation	14
premises	14
four	14
decision	14
expect	14
scores	14
confirm	14
give	14
sets	14
accept	14
clicking	14
displayed	14
hello	14
mac	14
plugin	14
tip	14
batch	14
keygen	14
pyslurm	14
offline	14
loaded	14
ram	14
obtain	14
jobid	14
named	14
pip	14
gets	14
ticket	14
sudoers	14
grafana	14
prompted	14
perm	14
locked	14
elnino	14
siteimprove	14
tiers	14
emp	14
downtime	14
thought	13
october	13
seminars	13
critical	13
valid	13
providing	13
forms	13
math	13
se	13
taken	13
imaging	13
size	13
store	13
boundaries	13
collaborate	13
books	13
depth	13
developing	13
designing	13
rest	13
map	13
ethics	13
recently	13
uml	13
completed	13
held	13
editor	13
resume	13
developer	13
ide	13
abstraction	13
expensive	13
executable	13
front	13
initial	13
planned	13
around	13
ld	13
appears	13
encapsulation	13
property	13
conclusions	13
artifact	13
specifications	13
certain	13
frameworks	13
capture	13
mechanisms	13
bring	13
manual	13
seeing	13
geographic	13
record	13
answers	13
correct	13
menu	13
always	13
characters	13
direct	13
trying	13
disabled	13
anything	13
looks	13
might	13
compile	13
gres	13
cpus	13
grep	13
refer	13
slurmctld	13
lock	13
ctrl	13
logs	13
reboot	13
licenses	13
payment	13
everyone	13
kb	13
saturday	13
sunday	13
icsuser	13
correctly	13
someone	13
websites	13
zoom	13
restart	13
sftp	13
oit's	13
sprache	13
verf	13
gbar	13
seitenanfang	13
anmeldung	13
musst	13
dich	13
um	13
zugriff	13
auf	13
die	13
daten	13
zu	13
erhalten	13
passwort	13
probably	13
macos	13
food	13
showcase	12
partner	12
expo	12
institutes	12
upper	12
shown	12
considered	12
cycle	12
collection	12
practices	12
distribution	12
hour	12
chemistry	12
letters	12
supporting	12
sessions	12
individual	12
english	12
companies	12
institute	12
big	12
anteater	12
publications	12
gain	12
construction	12
specify	12
essential	12
offering	12
weeks	12
conference	12
unified	12
begin	12
capabilities	12
activity	12
seconds	12
communication	12
reminder	12
particular	12
bank	12
generated	12
unit	12
therefore	12
believe	12
along	12
variable	12
assurance	12
classroom	12
official	12
profile	12
scans	12
perform	12
diversity	12
infrastructure	12
visitors	12
enrollment	12
holidays	12
attempt	12
chart	12
recognized	12
happens	12
item	12
pre	12
xml	12
executed	12
period	12
save	12
immediately	12
pending	12
fairshare	12
repository	12
max	12
eof	12
docs	12
recommend	12
rack	12
yum	12
shells	12
mkdir	12
sif	12
lw	12
fig	12
drwx	12
disaster	12
quarantine	12
laptops	12
sorry	12
icsdc	12
february	11
creates	11
december	11
continues	11
spotlight	11
lecturer	11
implementing	11
linear	11
discovery	11
effects	11
structured	11
architecture	11
checking	11
cell	11
interactions	11
nd	11
aspects	11
backgrounds	11
combination	11
pushing	11
committed	11
usability	11
effective	11
things	11
addition	11
addison	11
inc	11
fault	11
month	11
cause	11
dedicated	11
delivered	11
match	11
linked	11
array	11
described	11
graphs	11
automated	11
alternative	11
guided	11
reply	11
queues	11
vulnerabilities	11
iseb	11
minimum	11
attendance	11
disciplinary	11
small	11
deployment	11
moved	11
sharepoint	11
playground	11
allocated	11
sbin	11
partitions	11
sacct	11
maxjobs	11
allocation	11
attach	11
assign	11
avail	11
luser	11
easy	11
smb	11
virtualbox	11
attached	11
stored	11
boot	11
acknowledge	11
locally	11
anaconda	11
iptables	11
great	11
suspended	11
serial	11
schedules	11
temporarily	11
listed	11
regular	11
archival	11
chrome	11
highlights	11
manually	11
hangouts	11
sem	11
ssl	11
bigfix	11
licensing	11
august	10
recruiting	10
recommendations	10
random	10
expertise	10
experiential	10
game	10
david	10
representation	10
execution	10
stat	10
association	10
connectivity	10
drives	10
challenges	10
false	10
benefits	10
conduct	10
ta	10
person	10
amazon	10
managers	10
fewer	10
curiosity	10
tech	10
academia	10
decrease	10
negative	10
font	10
production	10
life	10
strategies	10
intensive	10
evaluation	10
progress	10
advisor	10
turned	10
papers	10
professionals	10
late	10
served	10
force	10
volume	10
hard	10
engineers	10
statement	10
ongoing	10
minimal	10
ad	10
symptoms	10
parts	10
launch	10
relations	10
expected	10
template	10
away	10
hidden	10
optional	10
question	10
significantly	10
seems	10
chair	10
curriculum	10
modern	10
delivering	10
roles	10
category	10
exposed	10
reverse	10
gui	10
stay	10
scalable	10
blank	10
displays	10
logo	10
api	10
sgroup	10
pci	10
designated	10
cabinet	10
platforms	10
air	10
ipv	10
payments	10
systemctl	10
broken	10
workstation	10
interfere	10
drivers	10
swiki	10
posted	10
reservation	10
terminals	10
tips	10
hardstatus	10
certificate	10
branch	10
rwx	10
entered	10
perms	10
newer	10
heldpesk	10
persistently	10
workstations	10
enterprise	10
pcie	10
forwarding	10
inbox	10
responsibilities	10
room	10
hp	10
leaders	9
associate	9
wang	9
experts	9
artificial	9
offerings	9
presented	9
prior	9
normal	9
extensions	9
algorithm	9
detection	9
patterns	9
older	9
society	9
deep	9
gg	9
positive	9
measures	9
scan	9
identified	9
suitable	9
specialized	9
average	9
basis	9
decisions	9
becoming	9
participate	9
schools	9
discover	9
happening	9
signature	9
engaging	9
board	9
dbh	9
co	9
prerequisites	9
peer	9
workflow	9
architectures	9
popular	9
covers	9
mfc	9
rational	9
novel	9
engineeringlecture	9
enhance	9
statements	9
requested	9
developed	9
objectslecture	9
car	9
return	9
generate	9
maxim	9
explicitly	9
collections	9
contribute	9
influence	9
improved	9
navigate	9
guidance	9
especially	9
failure	9
factors	9
sometimes	9
bio	9
creative	9
internships	9
applicants	9
coming	9
handling	9
parallel	9
stacks	9
fine	9
presentations	9
internship	9
apis	9
neural	9
consumption	9
register	9
png	9
icon	9
inline	9
parameters	9
pub	9
twice	9
mpi	9
scancel	9
accounting	9
cores	9
odin	9
processor	9
daemon	9
exit	9
sync	9
logins	9
kill	9
ok	9
feature	9
templates	9
notice	9
phase	9
postgres	9
studio	9
bus	9
copying	9
mib	9
requiring	9
ending	9
xr	9
unless	9
short	9
pod	9
persistent	9
desk	9
defunct	9
disable	9
enabling	9
metrics	9
removed	9
safe	9
regulations	9
word	9
archived	9
departmental	9
tracking	9
tier	9
cifs	9
icsgroupleader	9
sci	9
ban	9
abstract	8
stable	8
collaborations	8
toward	8
minor	8
division	8
square	8
credit	8
probability	8
zhaoxia	8
cover	8
feb	8
park	8
functional	8
selected	8
contemporary	8
genome	8
efficient	8
pay	8
rate	8
phd	8
strong	8
company	8
physics	8
government	8
nation	8
facts	8
figures	8
paying	8
thrive	8
pioneering	8
transforming	8
hpi	8
placements	8
innovate	8
stimulate	8
vibrant	8
brochures	8
sponsoring	8
scholarships	8
partnering	8
endless	8
homecoming	8
advisory	8
council	8
gift	8
toolbar	8
grayscale	8
underline	8
stage	8
hci	8
evaluate	8
processing	8
traceability	8
earlier	8
particularly	8
fact	8
roadmap	8
defense	8
organized	8
operational	8
increased	8
shutdown	8
past	8
diagram	8
attribute	8
leaves	8
split	8
affected	8
determined	8
unique	8
completely	8
latex	8
reading	8
art	8
reliable	8
brief	8
substantial	8
proper	8
costs	8
describe	8
thoughts	8
monitor	8
answer	8
couple	8
yvette	8
cruz	8
applying	8
turns	8
larger	8
protocols	8
eligible	8
experiences	8
upload	8
submitting	8
maintaining	8
conversions	8
blocks	8
plugins	8
sub	8
double	8
extended	8
tags	8
src	8
td	8
sponsored	8
submission	8
sprio	8
nodelist	8
fatal	8
rc	8
datalab	8
paste	8
comma	8
scripts	8
withassoc	8
cgroup	8
says	8
systemd	8
xxx	8
kvm	8
netapp	8
uid	8
ac	8
hot	8
redundant	8
sandbox	8
resolve	8
audit	8
scipy	8
sha	8
dc	8
suggestions	8
screenshots	8
occasionally	8
finals	8
sssh	8
bashrc	8
kg	8
lfs	8
baz	8
grant	8
outdated	8
provisioning	8
relay	8
prompting	8
appending	8
goto	8
unsecured	8
prometheus	8
emails	8
manpath	8
eduroam	8
android	8
onedrivefilesystem	8
notifications	8
aware	8
road	8
cards	8
officially	8
pro	8
copied	8
letter	8
groupaccountname	8
ftp	8
agree	8
proof	8
playlist	8
printer	8
proj	8
av	8
tap	8
wolfram	8
cookbook	8
global	7
personalized	7
introductory	7
estimation	7
leader	7
house	7
collaborative	7
accomplishments	7
regularly	7
analyze	7
laboratory	7
slides	7
partitioning	7
cf	7
november	7
flexible	7
upon	7
equivalent	7
preferred	7
educational	7
genomics	7
higher	7
counselor	7
ensures	7
languages	7
overall	7
interfaces	7
outstanding	7
theoretical	7
trust	7
opportunity	7
explicit	7
effort	7
play	7
published	7
thesis	7
mark	7
inheritance	7
relative	7
fixing	7
separation	7
deals	7
leads	7
criteria	7
easily	7
behind	7
writes	7
fully	7
pile	7
empty	7
advantage	7
balance	7
argument	7
plus	7
terms	7
reliability	7
follows	7
technique	7
describes	7
though	7
ubiquitous	7
investigated	7
choice	7
say	7
confidences	7
constructed	7
modeled	7
achieve	7
rich	7
addressed	7
powerful	7
seek	7
forward	7
transition	7
goals	7
centered	7
party	7
trees	7
hash	7
layout	7
query	7
runtime	7
response	7
avoid	7
character	7
speak	7
professionally	7
transfer	7
today	7
serves	7
excluding	7
ranges	7
headline	7
pagename	7
convert	7
commonly	7
amount	7
vim	7
img	7
supply	7
namespace	7
approval	7
onboarding	7
securely	7
sshd	7
pwd	7
pane	7
sleepy	7
drain	7
queueing	7
requeue	7
invalid	7
nodename	7
passthrough	7
depending	7
permanently	7
pty	7
gold	7
vault	7
myjob	7
rt	7
maxjobspu	7
maxjobspa	7
rockford	7
restrict	7
fails	7
released	7
compiled	7
previously	7
rhel	7
installs	7
repositories	7
fit	7
maintained	7
kept	7
autofs	7
nagios	7
cold	7
quote	7
raid	7
kfs	7
purchased	7
srv	7
julia	7
unprivileged	7
nv	7
scp	7
verse	7
symbol	7
harbor	7
donated	7
killing	7
target	7
deb	7
digit	7
wikipedia	7
panel	7
protected	7
jhub	7
opening	7
centaurus	7
locations	7
encouraged	7
scanned	7
malware	7
remediation	7
compliant	7
disabilities	7
act	7
rule	7
canvas	7
scheduled	7
bugs	7
flash	7
folders	7
recover	7
traversing	7
dell	7
eol	7
vmware	7
disconnect	7
panteater	7
umask	7
adv	7
comp	7
soc	7
nessusagent	7
expired	7
sendenv	7
cisco	7
drinks	7
coursework	7
yoursitenamehere	7
substr	7
dirname	7
hitachi	7
smtp	7
farm	7
incommon	7
runbooks	7
fifth	6
grow	6
biostatistics	6
component	6
dual	6
robust	6
york	6
experiments	6
talk	6
consists	6
interdisciplinary	6
selection	6
intelligence	6
embedded	6
gdim	6
entering	6
cleaning	6
fields	6
brigitte	6
baldi	6
teaches	6
environmental	6
context	6
performed	6
presentation	6
interests	6
xu	6
zhang	6
functions	6
nature	6
speed	6
io	6
theories	6
genetic	6
mapping	6
family	6
improves	6
associations	6
parent	6
comments	6
worked	6
ms	6
calculus	6
kind	6
medical	6
understand	6
sensor	6
probabilistic	6
ibm	6
states	6
likely	6
far	6
goal	6
train	6
editing	6
fundamental	6
announced	6
functionality	6
learned	6
mazmanian	6
games	6
records	6
aimed	6
supervised	6
position	6
debra	6
richardson	6
anticipation	6
instruments	6
wesley	6
proficiency	6
pp	6
silver	6
brooks	6
transactions	6
manner	6
inherent	6
responsibility	6
engineer	6
formal	6
visible	6
aspect	6
audio	6
zero	6
playing	6
typing	6
conditions	6
normally	6
buildings	6
sensors	6
dependability	6
san	6
seven	6
finally	6
identification	6
accepted	6
thus	6
lines	6
respect	6
focused	6
affect	6
identifies	6
explain	6
notable	6
presenting	6
notions	6
assessment	6
difference	6
begins	6
think	6
bit	6
adriana	6
avina	6
excited	6
bachelor	6
ensuring	6
valuable	6
exactly	6
combinatorial	6
mocking	6
mutation	6
decomposed	6
composition	6
procedural	6
terminology	6
deploy	6
generation	6
acquired	6
heaps	6
publish	6
caching	6
weekly	6
admission	6
highly	6
transcripts	6
gre	6
score	6
drop	6
excellence	6
placement	6
fulfilling	6
believes	6
touch	6
complement	6
founded	6
talented	6
hesitate	6
mailing	6
deployed	6
classic	6
impactful	6
successfully	6
administrative	6
centralized	6
integrate	6
supplied	6
resetting	6
shares	6
highlighting	6
splitbrain	6
base	6
whole	6
width	6
quotes	6
xxxxxxxxxxxx	6
typed	6
tag	6
awk	6
matlab	6
sas	6
dash	6
eligibility	6
automatic	6
requesting	6
restriction	6
bind	6
shortcuts	6
strigger	6
reporting	6
conflict	6
opteron	6
cancel	6
ntasks	6
myoutput	6
assignment	6
venv	6
tunnel	6
localhost	6
qstat	6
arg	6
grpcpus	6
syslog	6
cmdline	6
cli	6
deadline	6
configurations	6
kickstart	6
disks	6
pxe	6
retirement	6
approve	6
replacement	6
charge	6
support's	6
opened	6
orders	6
assets	6
philosophy	6
permanent	6
everybody	6
gunicorn	6
fakeroot	6
lolcow	6
providers	6
vi	6
remain	6
arcus	6
tunneling	6
remains	6
reniced	6
emacs	6
damage	6
detaching	6
screenrc	6
detached	6
user's	6
kw	6
ky	6
openssl	6
remotes	6
symbols	6
utilities	6
owners	6
nameofgroup	6
locate	6
issuing	6
powered	6
conda	6
prevents	6
operationalerror	6
debug	6
failing	6
dashboard	6
pool	6
gateway	6
phishing	6
americans	6
publicly	6
comply	6
wcag	6
sheets	6
webpage	6
spend	6
loads	6
migrating	6
encrypted	6
iot	6
registered	6
bodleian	6
unmanaged	6
workplace	6
nouveau	6
initramfs	6
rmmod	6
station	6
esu	6
purestorage	6
flashblade	6
grads	6
hankwu	6
reads	6
establish	6
unethical	6
thunderbird	6
attendant	6
meeting	6
engr	6
rsch	6
stu	6
anlys	6
medium	6
tower	6
aca	6
ryan	6
anti	6
xagt	6
ups	6
conferencing	6
fallen	6
cshrc	6
hiring	6
subversion	6
overleaf	6
vmp	6
ams	6
terabyte	6
shelf	6
recomendations	6
speedtest	6
dhcp	6
pediatric	5
children	5
placing	5
identifying	5
causal	5
lack	5
analyzing	5
framework	5
density	5
offer	5
emphasizes	5
promoting	5
logic	5
foundation	5
pursue	5
degrees	5
filters	5
bioinformatics	5
mine	5
dogucu	5
armstrong	5
shen	5
specification	5
covering	5
li	5
enhanced	5
xue	5
revision	5
genetics	5
beyond	5
mm	5
medicine	5
evolution	5
incorporating	5
parents	5
feasible	5
interest	5
combinations	5
reviewed	5
focusing	5
style	5
teamwork	5
careful	5
construct	5
catalogue	5
van	5
procedure	5
representations	5
consent	5
standing	5
methodologies	5
lopes	5
smart	5
exercises	5
melissa	5
consumer	5
increasing	5
researcher	5
nt	5
soon	5
postscript	5
confirmation	5
icse	5
principle	5
implemented	5
booch	5
defining	5
universal	5
int	5
book	5
waterfall	5
faking	5
fake	5
constant	5
understood	5
affects	5
depends	5
deal	5
applicable	5
bad	5
sufficient	5
varies	5
programmers	5
little	5
primarily	5
led	5
player	5
appliances	5
concept	5
unpredictable	5
mechanics	5
creation	5
leaf	5
entities	5
color	5
represented	5
conceptual	5
publishing	5
reasoning	5
tr	5
perspective	5
five	5
six	5
domains	5
corollary	5
interpretation	5
dependencies	5
prototype	5
applet	5
validated	5
despite	5
summarized	5
established	5
resulting	5
collected	5
outcome	5
exception	5
evidence	5
provision	5
monitored	5
comparison	5
reported	5
convenient	5
ever	5
excellent	5
ideal	5
director	5
choosing	5
subscribe	5
tuning	5
perspectives	5
portfolio	5
mandatory	5
storing	5
tackle	5
whose	5
searching	5
sam	5
continuing	5
anto	5
diane	5
flamm	5
rina	5
chamkrachang	5
fee	5
circumstances	5
comment	5
msse	5
direction	5
hallway	5
vice	5
benefit	5
guides	5
stephanie	5
orus	5
zotgpt	5
operates	5
tracked	5
timely	5
consulted	5
myip	5
forgot	5
wfh	5
interwiki	5
rss	5
really	5
namespaces	5
firefox	5
resize	5
alignment	5
true	5
perl	5
alt	5
author	5
call	5
andreas	5
gohr	5
capability	5
reference	5
reserve	5
tell	5
ran	5
stress	5
salloc	5
sshare	5
cgroups	5
controller	5
mismatch	5
quickstart	5
hpc	5
scheduler	5
rtx	5
exclusively	5
slurmd	5
finished	5
trigger	5
stdout	5
pass	5
passed	5
py	5
retrieve	5
peter	5
commit	5
proc	5
rm	5
qsub	5
calculated	5
priorityweightqos	5
maxsubmit	5
maxtrespu	5
maxtres	5
maxtrespernode	5
goes	5
oom	5
detected	5
clustername	5
half	5
glossary	5
mongodb	5
insecure	5
comes	5
reasonably	5
checklist	5
portable	5
frames	5
installations	5
customer	5
capacity	5
capital	5
observium	5
reduce	5
cp	5
unnecessary	5
granted	5
lot	5
db	5
protect	5
accomplish	5
exec	5
phpapache	5
converting	5
substitute	5
ksh	5
cpptools	5
remotely	5
balancer	5
leaving	5
alias	5
utility	5
submodules	5
finding	5
gives	5
categories	5
labeled	5
sticky	5
fixed	5
grants	5
removing	5
terraform	5
extend	5
charged	5
signed	5
bill	5
admin	5
restarting	5
flag	5
sqlite	5
snap	5
pgsql	5
pam	5
kubectl	5
instantiation	5
cybertron	5
dashboards	5
remediate	5
effectively	5
selecting	5
knowing	5
drawbacks	5
migration	5
legacy	5
notify	5
forum	5
crsp	5
lost	5
onto	5
reinstalled	5
uvm	5
brand	5
properly	5
loan	5
inner	5
ring	5
generating	5
usable	5
strict	5
pc	5
vacation	5
smbclient	5
sambaserver	5
else's	5
onegig	5
bs	5
buy	5
adopted	5
violation	5
incident	5
printers	5
picture	5
yii	5
administrators	5
authenticated	5
des	5
music	5
uni	5
xen	5
nessuscli	5
purchasing	5
hx	5
reinstall	5
begun	5
endpoints	5
maintentance	5
xdesktop	5
discount	5
proliant	5
sl	5
imap	5
zlib	5
lom	5
dovecot	5
inaugural	4
symposium	4
medtech	4
hackathon	4
seventh	4
forges	4
choc	4
rady	4
dehydration	4
bigger	4
anthony	4
cusimano	4
parses	4
greater	4
principal	4
designs	4
zhu	4
graphics	4
guaranteed	4
chairs	4
revised	4
cse	4
networked	4
distributions	4
covered	4
sample	4
logistic	4
mixed	4
reduction	4
lectures	4
cncm	4
ap	4
tc	4
holmes	4
liu	4
feng	4
ombao	4
neuroscience	4
arxiv	4
paul	4
demetriou	4
brain	4
su	4
articles	4
genotype	4
schaid	4
quantitative	4
parameterization	4
freedom	4
ratio	4
redirected	4
tutor	4
elementary	4
college	4
foundational	4
utilize	4
combining	4
recognize	4
grade	4
databases	4
economics	4
james	4
jones	4
joshua	4
garcia	4
der	4
hoek	4
calls	4
mohammad	4
moshirpour	4
familiar	4
marie	4
observation	4
analytics	4
indexing	4
clustering	4
cristina	4
inform	4
discussed	4
governance	4
impacts	4
young	4
safety	4
facing	4
equips	4
feedback	4
constructing	4
original	4
column	4
soccer	4
ole	4
southern	4
formerly	4
central	4
facility	4
july	4
leon	4
osterweil	4
presence	4
bullet	4
frederick	4
parnas	4
ease	4
proceedings	4
unused	4
lifetime	4
inevitable	4
natural	4
enables	4
separated	4
desired	4
reqts	4
fill	4
focuses	4
introduced	4
budget	4
carried	4
moving	4
targets	4
unusual	4
notations	4
meets	4
money	4
electronics	4
humans	4
uncertain	4
hiding	4
counter	4
subtree	4
easier	4
seen	4
logical	4
mix	4
depend	4
acct	4
employee	4
retire	4
actions	4
thing	4
arguments	4
boe	4
bro	4
produce	4
pea	4
ste	4
everyday	4
scope	4
abundance	4
demonstrated	4
contain	4
moreover	4
surprisingly	4
mind	4
claim	4
ultimately	4
adoption	4
fsm	4
questionnaire	4
failures	4
unexpected	4
extensive	4
risks	4
attempts	4
situation	4
ideally	4
impossible	4
helps	4
interrelated	4
augmented	4
greatly	4
meaningful	4
exceeded	4
becomes	4
subjective	4
involving	4
stating	4
wait	4
busy	4
listen	4
watch	4
certified	4
contexts	4
numerous	4
thank	4
alongside	4
demand	4
bridge	4
actively	4
ready	4
globally	4
spoken	4
latency	4
graphical	4
threads	4
domestic	4
institution	4
professors	4
advance	4
bridges	4
workforce	4
deeper	4
broader	4
managerial	4
conversation	4
gone	4
corporations	4
idea	4
actually	4
performing	4
prepares	4
coordinator	4
assist	4
footnotes	4
downloadable	4
feed	4
whitespace	4
wikis	4
javascript	4
urls	4
optionally	4
height	4
filename	4
ordered	4
colspan	4
pipe	4
headers	4
cells	4
align	4
ends	4
rails	4
yaml	4
guid	4
maximum	4
defaults	4
refresh	4
tells	4
wanted	4
tolerant	4
tutorials	4
distribute	4
korn	4
ailab	4
hh	4
inserts	4
myerrors	4
delimited	4
sleep	4
clone	4
forget	4
baldig	4
allocate	4
dutran	4
downloading	4
mps	4
bandwidth	4
assoc	4
copies	4
rather	4
exp	4
hand	4
grpjobs	4
grpnodes	4
grpmem	4
grpsubmit	4
grpwall	4
maxnodes	4
requirement	4
avaialble	4
reached	4
mar	4
unknown	4
ids	4
pid	4
allowing	4
titan	4
vfio	4
matrix	4
deprecated	4
dr	4
caveats	4
delegated	4
chown	4
consisting	4
racks	4
manages	4
cabinets	4
kit	4
door	4
elevator	4
ipmi	4
administration	4
airflow	4
side	4
reimbursement	4
replaced	4
firewalls	4
takes	4
authority	4
expanded	4
sends	4
detect	4
break	4
icinga	4
nodejs	4
searched	4
potential	4
figure	4
wget	4
rocker	4
switches	4
hansiskewl	4
dirs	4
logout	4
temporary	4
blob	4
ab	4
kib	4
layer	4
texera	4
happened	4
balancing	4
donations	4
bare	4
metal	4
cleared	4
nologin	4
dbus	4
tabs	4
gnu	4
scrollback	4
lt	4
closing	4
mk	4
multiuser	4
dm	4
physically	4
sdc	4
mnt	4
keystore	4
cert	4
issued	4
resolved	4
initialize	4
init	4
unwanted	4
digits	4
closest	4
bits	4
symbolic	4
instructs	4
nsf	4
regional	4
vipada	4
student's	4
tokens	4
smartphone	4
attention	4
experiencing	4
ssh'ing	4
screensaver	4
dingruiz	4
pop	4
preventing	4
rebuild	4
shooting	4
temperature	4
closet	4
phpfpm	4
ie	4
tas	4
digest	4
initiative	4
federal	4
aa	4
approved	4
ucop	4
timeline	4
basics	4
almost	4
behave	4
configuring	4
interactively	4
anyone	4
ethernet	4
ios	4
anyway	4
json	4
headless	4
auth	4
gdrive	4
nvlink	4
exxact	4
blacklist	4
uname	4
article	4
fees	4
damaged	4
outlined	4
altera	4
modelsim	4
blog	4
supermicro	4
gp	4
hdd	4
ventura	4
saved	4
account's	4
monthly	4
quarterly	4
discuss	4
filtering	4
photos	4
howto	4
yourusername	4
membership	4
smbfs	4
dig	4
gentoo	4
fusermount	4
idmap	4
iozone	4
mh	4
unsupported	4
bills	4
political	4
penalties	4
reasonable	4
offensive	4
photo	4
registration	4
firstname	4
streamline	4
analys	4
algor	4
uppp	4
cmptng	4
concert	4
choir	4
fe	4
engrcee	4
virtualization	4
cybersecurity	4
postfix	4
firewalld	4
clean	4
behalf	4
bakonis	4
sophos	4
fixlet	4
uninstall	4
trash	4
outages	4
ended	4
morning	4
generator	4
byod	4
meals	4
mouse	4
suggestion	4
tsm	4
jupyterub	4
boost	4
renew	4
phpmyadmin	4
archer	4
andromeda	4
lastpass	4
runamuck	4
improvements	4
vlan	4
cups	4
predictive	3
ucla	3
covariates	3
adaptive	3
rigorous	3
findings	3
zhou	3
transitions	3
nonparametric	3
listings	3
educ	3
freshman	3
volodymyr	3
minin	3
biological	3
lee	3
collect	3
biology	3
producing	3
variance	3
surveys	3
samples	3
cai	3
club	3
zip	3
taught	3
sf	3
grieco	3
calcium	3
au	3
behavioral	3
wu	3
supplemental	3
journal	3
varying	3
trial	3
pluta	3
gillen	3
newton	3
bl	3
american	3
epidemiology	3
pathway	3
bmc	3
accuracy	3
explains	3
computationally	3
slightly	3
statistically	3
manuscript	3
cpp	3
undergrad	3
sean	3
employed	3
ba	3
slider	3
mathematical	3
solve	3
introduce	3
sports	3
gpa	3
ucounsel	3
national	3
specialize	3
function	3
jing	3
aims	3
systematic	3
emily	3
navarro	3
correctness	3
iftekhar	3
ahmed	3
internals	3
stacy	3
branham	3
anne	3
piper	3
prototyping	3
alberto	3
martins	3
organizational	3
productivity	3
culture	3
roderic	3
nicholaus	3
crooks	3
communicate	3
care	3
adapt	3
grading	3
bietz	3
chapters	3
enclose	3
icsm	3
conjunction	3
entitled	3
favorite	3
zone	3
seeking	3
mining	3
agents	3
rumbaugh	3
proficient	3
hypermedia	3
fullerton	3
objectautomation	3
coherent	3
awarded	3
israel	3
viewer	3
intersection	3
hawaii	3
harry	3
ren	3
accidents	3
adapted	3
entirely	3
reflect	3
descriptions	3
views	3
desirable	3
incorporate	3
pays	3
poor	3
endeavor	3
observations	3
expand	3
combined	3
disciplined	3
speaks	3
attachments	3
seem	3
documented	3
lives	3
captures	3
defines	3
invoked	3
lessons	3
destroy	3
generic	3
belonging	3
salary	3
entity	3
preserved	3
identical	3
responding	3
stalled	3
overdrawn	3
peyman	3
listening	3
paid	3
tangible	3
directed	3
translator	3
nikos	3
drakos	3
leeds	3
tex	3
translation	3
initiated	3
boo	3
benjamin	3
acm	3
lit	3
measure	3
richard	3
morgan	3
kaufmann	3
stefik	3
sz	3
twenty	3
zo	3
applicability	3
suggest	3
suggested	3
arrive	3
constitutes	3
man's	3
mean	3
distinct	3
thereby	3
volumes	3
integrated	3
viewed	3
consistent	3
metaphor	3
define	3
formally	3
fraught	3
scheme	3
reasons	3
took	3
significance	3
produced	3
inevitably	3
phenomena	3
similarly	3
attempting	3
pervasiveness	3
involvement	3
remedy	3
urging	3
desiderata	3
treated	3
mentioned	3
intend	3
relationship	3
whenever	3
regard	3
scenario	3
severity	3
retain	3
applets	3
stuff	3
pretty	3
funny	3
nearly	3
cv	3
masters	3
doctoral	3
msi	3
words	3
preparing	3
tailored	3
ties	3
stack	3
unsupervised	3
classification	3
nearest	3
neighbors	3
forests	3
vector	3
bear	3
emphasizing	3
portfolios	3
requisite	3
budgeting	3
individually	3
detecting	3
assessing	3
semi	3
amongst	3
pragmatic	3
architectural	3
scalability	3
advisement	3
gradient	3
descent	3
backpropagation	3
retrieving	3
textual	3
tokenization	3
inverted	3
indexes	3
tf	3
idf	3
ranked	3
precision	3
recall	3
emulators	3
locks	3
race	3
deadlocks	3
reliance	3
relational	3
nosql	3
sockets	3
sorting	3
algorithmic	3
malek	3
andre	3
ones	3
moment	3
enroll	3
dates	3
foreign	3
consideration	3
recommendation	3
compare	3
wrong	3
considering	3
quarters	3
visualizations	3
reliably	3
attend	3
advice	3
arts	3
engineered	3
fellowships	3
embedding	3
atom	3
aggregation	3
macros	3
texts	3
backslashes	3
andi	3
brackets	3
linking	3
nonexisting	3
rely	3
explorer	3
mozilla	3
lang	3
curly	3
unordered	3
strings	3
smileys	3
vertically	3
spans	3
nowiki	3
nothing	3
highlighted	3
actionscript	3
lisp	3
ruby	3
element	3
parameter	3
macro	3
append	3
generates	3
unauthorized	3
import	3
socket	3
compilation	3
sbcast	3
sdiag	3
sreport	3
sstat	3
sview	3
cancelled	3
hybrid	3
unresponsive	3
modifies	3
consumable	3
capable	3
blazar	3
bayonet	3
job's	3
equal	3
stderr	3
trapezoid	3
openmpi	3
exits	3
arrayjob	3
sec	3
shut	3
allocmem	3
inspect	3
plaintext	3
igb	3
defaultaccount	3
executes	3
multifactor	3
terminates	3
nice	3
adjusted	3
maxtresperuser	3
maxjob	3
usagethresh	3
calculating	3
grptresmins	3
ops	3
grpcpumins	3
wc	3
lights	3
indicated	3
maxed	3
fs	3
hierarchy	3
killer	3
medusa	3
reflects	3
spool	3
dependency	3
stdin	3
vgpu	3
got	3
libvirt	3
rebooting	3
rocky	3
distro	3
hosting	3
rescue	3
cross	3
vital	3
crah	3
accommodate	3
approximately	3
ordering	3
oob	3
aisle	3
ft	3
assembled	3
inches	3
builds	3
hvac	3
applies	3
fiber	3
asset	3
scroll	3
cooled	3
replacing	3
poweralert	3
lshw	3
safely	3
carefully	3
mv	3
escalation	3
alerts	3
invoking	3
zsh	3
invocations	3
invoke	3
valgrind	3
recorded	3
singularityimages	3
filesystems	3
apparmor	3
pulling	3
godlovedc	3
serve	3
flask	3
gunicron	3
rp	3
fingerprint	3
backgound	3
personalize	3
ce	3
destination	3
unpack	3
fairly	3
csh	3
fsnotifier	3
lowest	3
determining	3
sheet	3
offending	3
breaks	3
usual	3
mechanism	3
xterm	3
sort	3
browse	3
unload	3
setuid	3
undo	3
extract	3
accessed	3
setgid	3
rwxr	3
recursively	3
explanation	3
harmless	3
liners	3
moo	3
nac	3
hjm	3
tutorial	3
df	3
head	3
ads	3
passive	3
likewise	3
google's	3
invoices	3
subscription	3
profiles	3
allofus	3
consumerprocurement	3
gcloud	3
transferring	3
triage	3
forbidden	3
xsrf	3
sqlalchemy	3
exc	3
kernels	3
launcher	3
shift	3
myenv	3
goharbor	3
resolving	3
mapped	3
checked	3
dear	3
deleting	3
came	3
returned	3
restored	3
reinstalling	3
occurs	3
pvc	3
curl	3
thermal	3
alerting	3
measured	3
elk	3
fpm	3
slow	3
duration	3
routine	3
malicious	3
blocking	3
discarded	3
parties	3
posts	3
threshold	3
yuja	3
reviewing	3
site's	3
inventory	3
handle	3
faster	3
pieces	3
skel	3
guarantee	3
noticeable	3
integrates	3
participating	3
traffic	3
removal	3
phones	3
institutions	3
utilization	3
affiliated	3
fileserver	3
secret	3
recieve	3
authorize	3
finish	3
mountpoint	3
rcic	3
cfg	3
mkconfig	3
bios	3
enablerepo	3
csv	3
hold	3
numa	3
gen	3
atlassian	3
annually	3
jetbrains	3
mobaxterm	3
xp	3
stops	3
automate	3
chain	3
easiest	3
retention	3
youicsusername	3
repeat	3
accidentally	3
abbreviated	3
tg	3
uplink	3
backbone	3
compression	3
dial	3
whitelist	3
transport	3
pat	3
modest	3
friends	3
viruses	3
worms	3
trojan	3
horses	3
cracking	3
spoofing	3
serious	3
violate	3
cheating	3
screens	3
violations	3
offenses	3
lose	3
cooperation	3
forwarded	3
accountable	3
boy	3
arabic	3
personnel	3
channel	3
playlists	3
containing	3
raspberry	3
registrar	3
geolocation	3
shibboleth	3
icloud	3
pol	3
ecps	3
cmptr	3
intract	3
physio	3
immunol	3
cee	3
st	3
cw	3
resolu	3
commun	3
expenditures	3
scaled	3
carrier	3
charges	3
docks	3
deploying	3
suspicious	3
rkhunter	3
openvpn	3
protocol	3
stunnel	3
subnets	3
consolidated	3
scanner	3
jammy	3
risksupplierrev	3
pilot	3
lowrisksupplierreview	3
rbakonis	3
activated	3
threat	3
outbound	3
webfiles	3
agreement	3
pertaining	3
sao	3
secondary	3
bastion	3
tablet	3
exporting	3
regardless	3
codes	3
webauth	3
aborted	3
campusvpn	3
workloads	3
blade	3
tickets	3
sensoria	3
dknet	3
gravity	3
tuesday	3
nerve	3
delayed	3
wednesday	3
drink	3
comfortable	3
spill	3
downstairs	3
adhere	3
pads	3
forgotten	3
cesar	3
chavez	3
memorial	3
holiday	3
devops	3
sysadmin	3
jdk	3
scanners	3
offerered	3
proceeds	3
rated	3
termed	3
expires	3
elms	3
foss	3
disarmament	3
pastebin	3
microservices	3
bzip	3
funds	3
spamhaus	3
outgoing	3
mailscanner	3
refreshed	3
rsync	3
incidents	3
psearch	3
haproxy	3
mta	3
mailman	3
mda	3
retiring	3
synopsys	3
lbnamed	3
nis	3
ipfilter	3
mdt	3
lvm	3
introducing	2
modelling	2
treatment	2
hilbert	2
michael	2
hill	2
speaker	2
validity	2
reinforcement	2
dynamics	2
exhibit	2
tensor	2
propose	2
sampling	2
empirical	2
methodology	2
lifelong	2
vision	2
employment	2
healthcare	2
tentative	2
neither	2
ece	2
netsys	2
biomedical	2
transfers	2
exploratory	2
proportions	2
chi	2
correlation	2
ellen	2
kucera	2
berrocal	2
experimental	2
molecular	2
cellular	2
optimization	2
poisson	2
estimating	2
analyses	2
interval	2
hypotheses	2
multivariate	2
sharad	2
mehrotra	2
jan	2
scholar	2
johnston	2
ulv	2
qiao	2
ketamine	2
cortical	2
guindani	2
tran	2
md	2
responses	2
sheng	2
ye	2
dong	2
cognitive	2
uncovering	2
executive	2
dating	2
ridge	2
lur	2
deconvolve	2
recordings	2
preprint	2
measurement	2
brandt	2
sy	2
pawling	2
zimmermann	2
dennis	2
acetylglucosamine	2
zheng	2
yang	2
cooper	2
charts	2
moyzis	2
rk	2
greenberger	2
interacts	2
receptor	2
polymorphism	2
reveal	2
polymorphisms	2
linkage	2
disequilibrium	2
simultaneous	2
calling	2
haplotype	2
levine	2
hanley	2
nitao	2
conducts	2
dominant	2
recessive	2
obtained	2
modifying	2
asymptotically	2
likelihood	2
readme	2
instant	2
redirect	2
tutors	2
negotiable	2
qualifications	2
cal	2
reduced	2
yrs	2
poetry	2
pomona	2
ds	2
prep	2
iii	2
mentor	2
fourth	2
udsa	2
myriad	2
engines	2
massive	2
admitted	2
lead	2
shortage	2
analysts	2
scientists	2
participants	2
partial	2
arka	2
saha	2
nan	2
chancellor's	2
examination	2
raymond	2
klefstad	2
nathaniel	2
adriaan	2
reuse	2
presents	2
daniel	2
epstein	2
walk	2
shrirang	2
jambhekar	2
classifying	2
multimedia	2
datasets	2
stakeholders	2
workspaces	2
min	2
examines	2
consequences	2
justice	2
undertake	2
organize	2
patient	2
legal	2
implementations	2
consumers	2
technological	2
prerequisite	2
corequisite	2
matthew	2
darren	2
denenberg	2
fax	2
conclusion	2
ivan	2
arcadia	2
workshop	2
automation	2
orientation	2
javabayes	2
besides	2
rollerhockey	2
sport	2
uci's	2
pointers	2
objective	2
rose	2
omt	2
trained	2
mentoring	2
upcoming	2
specializing	2
participated	2
navigating	2
programmer	2
proposed	2
phoenix	2
italy	2
adjacent	2
springer	2
verlag	2
yosemite	2
dani	2
steinberg	2
jr	2
beach	2
kloesch	2
essence	2
clements	2
contraction	2
mythical	2
anniversary	2
carlo	2
stephen	2
ian	2
dominated	2
rapidly	2
consistently	2
defects	2
repair	2
permeates	2
sequence	2
analyzed	2
separately	2
describing	2
spec	2
harness	2
coding	2
constraints	2
subsequent	2
continually	2
malleable	2
law	2
preservation	2
intangible	2
causes	2
scientific	2
loss	2
corresponds	2
earth	2
affiliation	2
existence	2
semantics	2
destroyed	2
destroying	2
populate	2
loop	2
increment	2
throw	2
notion	2
protects	2
corruption	2
rewind	2
deposit	2
withdraw	2
viewpoint	2
promote	2
determines	2
breakdown	2
talking	2
hungry	2
tired	2
exhibits	2
informally	2
transaction	2
oreizy	2
barry	2
boehm	2
cummings	2
gem	2
gemmer	2
hmw	2
iee	2
bev	2
littlewood	2
nea	2
par	2
pearl	2
francisco	2
editors	2
zrk	2
thirty	2
detail	2
phases	2
solid	2
succinctly	2
relevance	2
anchored	2
originally	2
annotated	2
conducting	2
substantiate	2
confined	2
hinders	2
widely	2
constitute	2
investigation	2
perhaps	2
intricate	2
lived	2
releases	2
forth	2
subtle	2
impediments	2
inter	2
suffices	2
contend	2
efficacy	2
necessarily	2
facilitate	2
causality	2
compared	2
separate	2
subsystem	2
evaluated	2
experienced	2
accurate	2
possibly	2
plays	2
decide	2
priorities	2
briefly	2
continuously	2
arrives	2
prediction	2
pitfalls	2
thresholds	2
notified	2
eventually	2
ui	2
doors	2
ignored	2
beliefs	2
beneficial	2
observed	2
independence	2
webs	2
placed	2
revealed	2
subjects	2
posit	2
isomorphic	2
refined	2
studied	2
fluctuation	2
showed	2
improvement	2
hypothesized	2
achieved	2
meantime	2
fan	2
chance	2
jim	2
roaming	2
universe	2
movies	2
merage	2
ethnographic	2
mit	2
pandemic	2
asks	2
ichair	2
mhcid	2
prospective	2
appointment	2
ecosystem	2
integrity	2
award	2
trustworthy	2
fellows	2
scholars	2
changers	2
unlock	2
leverage	2
sum	2
interview	2
preparation	2
gaining	2
helped	2
additions	2
changer	2
pivot	2
endowed	2
krone	2
algol	2
jaclyn	2
kung	2
lennox	2
antop	2
dflamm	2
rchamkra	2
deadlines	2
arrays	2
matter	2
waivers	2
contributed	2
informational	2
unofficial	2
legend	2
chances	2
strengths	2
individuals	2
supervisors	2
quantifiable	2
heavily	2
dependable	2
pursuing	2
mentors	2
augment	2
practicalities	2
culminating	2
defend	2
summarizing	2
laboratories	2
prestigious	2
insights	2
emerges	2
doesn	2
transform	2
dramatic	2
incarnations	2
customized	2
trivial	2
infrastructures	2
guaranteeing	2
innovations	2
experiment	2
naturally	2
venues	2
entrepreneurs	2
businesses	2
steady	2
stream	2
demo	2
soft	2
excel	2
booming	2
humanities	2
exposing	2
taste	2
interviews	2
graduation	2
mimic	2
firsthand	2
mature	2
practiced	2
atavina	2
stephw	2
coordinates	2
relating	2
sectioning	2
quoting	2
markup	2
datafiles	2
pressing	2
simpler	2
bold	2
italic	2
underlined	2
monospaced	2
combine	2
subscript	2
superscript	2
sup	2
del	2
newline	2
linebreaks	2
forced	2
automagically	2
lowercase	2
colon	2
hint	2
bookmark	2
wikipedia's	2
resizing	2
parentheses	2
footnote	2
headlines	2
notoc	2
resized	2
gif	2
whitespaces	2
browsers	2
indention	2
conversion	2
mainly	2
typography	2
pattern	2
lets	2
rows	2
vertical	2
apart	2
opposite	2
signs	2
smiley	2
indented	2
preformatted	2
quoted	2
highlight	2
geshi	2
helloworldapp	2
implements	2
autoconf	2
css	2
div	2
fo	2
gdb	2
haskell	2
ini	2
inno	2
modula	2
ocaml	2
pcre	2
specifying	2
myexample	2
raw	2
uppercase	2
span	2
border	2
px	2
feeds	2
simplepie	2
formats	2
eg	2
htmlok	2
gallery	2
customizable	2
sortable	2
wrap	2
preset	2
confirmed	2
contigent	2
visitor	2
solely	2
vulnerable	2
hence	2
leftmost	2
identityfile	2
daemons	2
fun	2
threaded	2
equivalences	2
alter	2
equivalencies	2
checkpointing	2
requeued	2
slurmd's	2
paramteres	2
smt	2
additionally	2
monolithic	2
tristram	2
hypernova	2
biodatascience	2
lucy	2
drg	2
dizzy	2
pedigree	2
olivia	2
benson	2
broadchurch	2
mariadb	2
diagnostic	2
routines	2
kewl	2
seq	2
mpirun	2
incognito	2
serverapp	2
shutting	2
schedmd	2
statecompact	2
freemem	2
cpusstate	2
cpusload	2
gresused	2
oversubscribe	2
virtualenv	2
pyslurmenv	2
cython	2
transmitted	2
alloccpus	2
reqtres	2
jobname	2
workdir	2
setups	2
inst	2
hung	2
specifies	2
pyexec	2
ace	2
parition	2
cwd	2
chdir	2
pick	2
grptres	2
rawshares	2
normshares	2
rawusage	2
normusage	2
effectvusage	2
levelfs	2
tresrunmins	2
hog	2
adjusting	2
preserve	2
persist	2
saw	2
tmpfs	2
seemed	2
killed	2
leak	2
confident	2
pressure	2
highest	2
rpc	2
handled	2
statesavelocation	2
userid	2
groupid	2
label	2
distrib	2
turds	2
lspci	2
iommu	2
grouped	2
proceed	2
virt	2
troubleshoot	2
unhindered	2
autonomy	2
impersonating	2
limted	2
ontap	2
impersonate	2
keberos	2
kerber	2
meats	2
uncommon	2
delegate	2
irreconcilable	2
routinely	2
definable	2
eta	2
feet	2
consult	2
band	2
ilom	2
tpm	2
encrypting	2
compatibility	2
cables	2
asking	2
vendors	2
cable	2
length	2
conform	2
chassis	2
rj	2
fc	2
heat	2
chosen	2
meant	2
homepage	2
requisition	2
ewaste	2
ton	2
water	2
motors	2
funding	2
switchport	2
moe	2
larry	2
waste	2
compiling	2
ldconfig	2
sudoer	2
mess	2
boilerplatestemplate	2
incorrect	2
incomplete	2
privileged	2
delegation	2
ephemeral	2
contention	2
disrupt	2
reinstallation	2
completion	2
prefix	2
librarypath	2
although	2
scsi	2
dmesg	2
startup	2
tried	2
ex	2
dis	2
caused	2
initializing	2
rebuilding	2
stopping	2
subuid	2
subgid	2
gid	2
specializations	2
userns	2
pgdata	2
biaslab	2
catalina	2
jaspic	2
xsd	2
dockerfile	2
putting	2
liked	2
numbed	2
oci	2
signatures	2
bebd	2
accf	2
fffd	2
ae	2
cde	2
dfc	2
fdec	2
hyc	2
kiwi	2
cache	2
openhub	2
prioritization	2
cleanup	2
rbash	2
tcsh	2
tmux	2
rksh	2
serv	2
ion	2
clangd	2
xdg	2
mime	2
returning	2
spare	2
donate	2
cheat	2
inability	2
weekends	2
tecmint	2
multiplexes	2
buffer	2
regions	2
independent	2
rograms	2
kills	2
contained	2
foreground	2
wil	2
quitting	2
ramon	2
limon	2
wether	2
reconnecting	2
whatever	2
reload	2
deflogin	2
nw	2
vbell	2
alwayslastline	2
aclchg	2
attrcolor	2
termcapinfo	2
af	2
defbce	2
endlessly	2
constraint	2
sslpoke	2
initialization	2
origin	2
dpkg	2
somewhere	2
petems	2
hiera	2
tested	2
permissive	2
assigns	2
ead	2
rite	2
ecute	2
wx	2
precedence	2
outputs	2
portions	2
colored	2
translate	2
demonstrate	2
explanations	2
drwxr	2
recursive	2
denotes	2
translated	2
denoted	2
undesirable	2
delimiter	2
icons	2
restrictive	2
yield	2
tldp	2
linux's	2
aliases	2
linuxbox	2
indicating	2
modular	2
mange	2
babaks	2
chenli	2
ramesh	2
jain	2
beta	2
iam	2
juliojr	2
wdcohen	2
certficate	2
netstat	2
tcpdump	2
staging	2
pg	2
drag	2
ipykernel	2
tile	2
happy	2
libpaths	2
xfce	2
instructor's	2
occurred	2
remind	2
silently	2
housing	2
duosupportdesk	2
htm	2
encounter	2
complaining	2
accepting	2
oauth	2
unlocked	2
saver	2
entry	2
vsx	2
helm	2
reviewnb	2
gitplus	2
testbed	2
raritan	2
elasticsearch	2
temperatures	2
diskhog	2
logstash	2
uri	2
rewriting	2
adopting	2
threats	2
urldefense	2
protecting	2
midnight	2
emailproofpoint	2
governments	2
preexisting	2
spreadsheet	2
acceptable	2
assuming	2
immediate	2
replay	2
scoring	2
quite	2
unpredictably	2
piece	2
persists	2
lates	2
everytime	2
importantly	2
insulates	2
petty	2
package's	2
frees	2
precise	2
pathnames	2
prints	2
initrm	2
removes	2
needlessly	2
bloated	2
rarely	2
mutually	2
incompatible	2
undesireable	2
modulerun	2
modulefile	2
john	2
furlani	2
sunsoft	2
usenix	2
lisa	2
diego	2
appreciated	2
wi	2
fi	2
wpa	2
enforced	2
evolving	2
resides	2
acccounts	2
macosx	2
pops	2
unclick	2
worry	2
accidently	2
crontab	2
homedir	2
testfile	2
googledrivefilesystem	2
extraordinary	2
nvml	2
falling	2
mprime	2
redhat	2
efi	2
hat	2
fuser	2
kmod	2
el	2
matching	2
nvarr	2
realloc	2
nvlinks	2
affinity	2
interconnect	2
queries	2
servicedesk	2
loaned	2
latitude	2
docking	2
zot	2
registrar's	2
vcl	2
quartus	2
microsoft's	2
trt	2
corporation	2
ssd	2
forwardagent	2
jumphost	2
fd	2
macintosh	2
clearing	2
finder	2
hourly	2
alternatively	2
ldapsearch	2
cn	2
nismapentry	2
tank	2
spectrum	2
vdi	2
accordingly	2
dependent	2
pros	2
cons	2
cheap	2
excluded	2
unrestricted	2
spreadsheets	2
messaging	2
voice	2
webpages	2
mangalam	2
figured	2
appearing	2
whitelists	2
gear	2
blocked	2
ungraduate	2
strictly	2
hanging	2
ptanteater	2
mask	2
basically	2
fedora	2
rsh	2
netgroups	2
mounts	2
umount	2
rac	2
xls	2
userspace	2
citizenship	2
acknowledgements	2
honesty	2
pc's	2
responsibly	2
classified	2
ingenuity	2
harms	2
suspect	2
regents	2
carry	2
bulletin	2
boards	2
tie	2
waiting	2
advertising	2
religious	2
doubt	2
forbids	2
lunch	2
fraction	2
people's	2
spy	2
diskettes	2
taking	2
deliberate	2
investigate	2
suspected	2
advertise	2
earn	2
posting	2
advertisement	2
market	2
elsewhere	2
rooms	2
crc	2
enforce	2
bins	2
polices	2
incoming	2
receipt	2
eee	2
handing	2
driver's	2
idverified	2
punctuation	2
lastname	2
middlename	2
anyquestions	2
birthday	2
girl	2
friend's	2
westernized	2
numerals	2
alphanumeric	2
agendas	2
calendars	2
wellness	2
plain	2
tricks	2
newsletter	2
thanks	2
played	2
subdirectories	2
starter	2
noise	2
hdmi	2
computername	2
exams	2
organizers	2
mitigate	2
checkins	2
immunology	2
organic	2
cogs	2
child	2
lrning	2
horror	2
gaming	2
algebra	2
philos	2
contemp	2
moral	2
prblm	2
marketing	2
mgmtmba	2
glbl	2
cnsumr	2
insight	2
globalmetropolis	2
electrcl	2
prog	2
mkting	2
phrmsci	2
econ	2
mdrn	2
dock	2
gps	2
subset	2
exhaustive	2
patches	2
classifications	2
titles	2
servername	2
builtin	2
rootkithunter	2
rootkit	2
digitalocean	2
tcp	2
dport	2
securingservices	2
oitvulnerabilityscanner	2
relinking	2
arch	2
repos	2
baseurl	2
gpgcheck	2
contacting	2
bd	2
fb	2
eab	2
eeac	2
da	2
defaa	2
reviewers	2
clarify	2
securityreviews	2
procurement	2
approving	2
claude	2
pnimsomb	2
virus	2
identifier	2
antivirus	2
installer	2
xagtsetup	2
wizard	2
screenshot	2
prefixes	2
tec	2
unenrolled	2
lockout	2
dots	2
uninstalling	2
bomgar	2
ucinetids	2
resulted	2
cogen	2
customers	2
mathlm	2
arcala	2
pure	2
widespread	2
heads	2
autoclave	2
caution	2
cantor	2
impacted	2
anywhere	2
manged	2
ecp	2
rfc	2
quiet	2
beverage	2
snacks	2
beverages	2
seating	2
patio	2
southwest	2
bay	2
thursday	2
miss	2
snack	2
foods	2
heavy	2
refunds	2
hit	2
concentrate	2
closes	2
borrow	2
cool	2
duty	2
cameras	2
hundred	2
relocated	2
breadcrumb	2
nav	2
foot	2
launchpad	2
paused	2
receives	2
runing	2
persistant	2
synchornized	2
ide's	2
debugger	2
collaborators	2
ndp	2
frame	2
unlike	2
pricing	2
replacment	2
oraclejdk	2
cudnn	2
paperback	2
kindle	2
securitycenter	2
offereings	2
compuitng	2
donation	2
acces	2
autopush	2
pupet	2
shotted	2
rke	2
reposittory	2
microservice	2
hub's	2
excerpt	2
toolbox	2
encountering	2
announcing	2
thee	2
branded	2
mirroring	2
mirroing	2
constructively	2
negatively	2
lsa	2
outlook	2
covid	2
prvevious	2
librespeed	2
ping	2
jitter	2
mbps	2
myaccountactivity	2
campaign	2
distros	2
vendor	2
exporter	2
forwards	2
sender	2
blades	2
keeping	2
upgraded	2
comodo	2
initiatives	2
spamassassin	2
untrusted	2
archimedes	2
invited	2
kpassword	2
runabout	2
krb	2
discontinued	2
certbot	2
safelist	2
expunge	2
baytech	2
storedge	2
ucpath	2
sensorium	2
pdu	2
macbook	2
jumpstart	2
replication	2
ipa	2
iscsi	2
kea	2
evote	2
maillists	2
grp	2
tad	2
importctrl	2
opencv	2
ricoh	2
tableau	2
sol	2
jumpstarting	2
xfs	2
toolkit	2
vpro	2
rariton	2
mdadm	2
parted	2
pen	2
gsr	2
infranodus	2
opendcim	2
webmail	2
dump	2
tmpfiles	2
fsl	2
megacli	2
mochasoft	2
tn	2
xvfb	2
trac	2
lens	2
advancing	1
informal	1
anna	1
fergusson	1
auckland	1
modifiers	1
falco	1
bargagli	1
stoffi	1
risking	1
spurious	1
valued	1
kosorok	1
north	1
carolina	1
chapel	1
separable	1
dependence	1
wen	1
workhorse	1
randomized	1
trials	1
relies	1
optimal	1
phibe	1
yuhua	1
rl	1
smooth	1
dimensions	1
trains	1
daren	1
ucsd	1
algebraic	1
smoothing	1
continued	1
grown	1
discrete	1
electives	1
virtually	1
graduates	1
sectors	1
entertainment	1
communicating	1
reproducible	1
inferential	1
intervals	1
permits	1
veronica	1
observational	1
evolutionary	1
ecology	1
simulation	1
wenzhuo	1
weining	1
categorical	1
contingency	1
loglinear	1
ana	1
kenney	1
longitudinal	1
cohort	1
survival	1
censored	1
generalized	1
equations	1
openbugs	1
axiomatic	1
expectation	1
wanrong	1
tianchen	1
qian	1
hengrui	1
discriminant	1
aug	1
citations	1
byf	1
ysaaaaj	1
hl	1
clustered	1
omics	1
intranasal	1
induces	1
disinhibition	1
eneuro	1
molloi	1
ar	1
polivka	1
zhao	1
redmond	1
itkin	1
antunes	1
ct	1
lymphangiography	1
quantify	1
thoracic	1
duct	1
lymphatic	1
flow	1
radiology	1
d'angelo	1
canale	1
spikes	1
noisy	1
biometrics	1
foden	1
aj	1
sj	1
nguyen	1
jc	1
olga	1
jaime	1
mosquito	1
cryptochromes	1
expressed	1
drosophila	1
confer	1
species	1
neurogenetic	1
handsome	1
rugged	1
ovulatory	1
shifts	1
womens	1
preferences	1
masculinity	1
men	1
gauran	1
penalization	1
dimensional	1
frontiers	1
anova	1
neuron	1
inferences	1
neuronal	1
guidani	1
spike	1
betweenness	1
shape	1
bellmann	1
strobl	1
hg	1
chien	1
dorr	1
wuerfel	1
jt	1
jw	1
marker	1
progressive	1
sclerosis	1
neurodegeneration	1
jama	1
neurology	1
penalized	1
mantel	1
gavornik	1
jp	1
lai	1
gandhi	1
sp	1
subanesthetic	1
reactivates	1
adult	1
plasticity	1
amblyopia	1
heritability	1
unveil	1
multidimensional	1
golzar	1
rahman	1
scheel	1
myelination	1
triggering	1
oligodendrocyte	1
precursor	1
differentiation	1
connectome	1
interiano	1
kazemi	1
komarova	1
nl	1
musical	1
trends	1
predictability	1
songs	1
royal	1
nuno	1
histocompatibility	1
mhc	1
attraction	1
asian	1
daters	1
gender	1
opioid	1
serotonin	1
mkhikian	1
diabetes	1
additive	1
epistatic	1
mgat	1
genes	1
immunity	1
parental	1
supplementary	1
shahbaba	1
shachaf	1
cm	1
deng	1
pseudosibship	1
contrasting	1
locus	1
heredity	1
weng	1
macciardi	1
subramanian	1
guffanti	1
potkin	1
sg	1
xie	1
snp	1
enrichment	1
browning	1
phasing	1
reduces	1
garner	1
ziogas	1
anton	1
culver	1
determination	1
hildebrandt	1
mat	1
variation	1
expression	1
impute	1
genotypes	1
population	1
sequential	1
componentwise	1
hastings	1
gibbs	1
sampler	1
bitcount	1
controls	1
pchisq	1
pvalues	1
endorsing	1
recommending	1
convenience	1
discretion	1
lynn	1
gao	1
lmgao	1
ed	1
graded	1
aged	1
corey	1
katz	1
ckatz	1
specialization	1
poly	1
slo	1
christina	1
magana	1
ramirez	1
cmaganar	1
rd	1
arnold	1
seong	1
akseong	1
lynsie	1
warr	1
lwarr	1
hr	1
ulisses	1
rizo	1
urizo	1
chadwick	1
bing	1
rank	1
shopping	1
forecast	1
warehouses	1
astronomy	1
terabytes	1
telescope	1
particles	1
visualize	1
amounts	1
forecasting	1
cumulative	1
samsung	1
boeing	1
finance	1
insurance	1
pharmaceutical	1
nasa	1
nist	1
dod	1
acording	1
mckinsey	1
united	1
alone	1
faces	1
analytical	1
million	1
talent	1
technically	1
advantages	1
puts	1
scientist	1
lasting	1
nine	1
astrostatistics	1
genomes	1
arkajyos	1
nanb	1
umme	1
ayda	1
mannan	1
stressing	1
notation	1
paradigms	1
equip	1
operative	1
thoroughness	1
offering's	1
preceding	1
thomas	1
aesthetics	1
interoperabilty	1
ietf	1
upperdivision	1
elena	1
agapie	1
interviewing	1
widget	1
toolkits	1
geo	1
spatial	1
paradigm	1
brainstorming	1
interative	1
accetance	1
daye	1
nam	1
perception	1
scenarios	1
kylie	1
aine	1
peppler	1
consultants	1
exercise	1
madhusudhana	1
reddy	1
aehong	1
societal	1
reputation	1
gather	1
television	1
viet	1
vu	1
varied	1
fieldwork	1
tianchu	1
lyu	1
evaluations	1
prototypes	1
iterative	1
subfield	1
empower	1
literacy	1
heath	1
unprecedented	1
curating	1
kai	1
eng	1
nets	1
tel	1
textbooks	1
syllabus	1
consortium's	1
oml	1
rational's	1
tysh	1
ooad	1
affords	1
titled	1
esec	1
fse	1
treat	1
draft	1
submissions	1
acceptance	1
incarnation	1
moses	1
consortium	1
mirror	1
chicago	1
illinois	1
provo	1
utah	1
afit	1
lonnie	1
chrisman's	1
accompanying	1
courtesy	1
fabio	1
cozman	1
cmu	1
aforementioned	1
tennis	1
hike	1
jog	1
swim	1
arena	1
hockey	1
espn	1
friend	1
neno	1
tenure	1
teacher	1
consultant	1
corresponding	1
compilers	1
fortune	1
promising	1
compendium	1
technion	1
haifa	1
sc	1
cum	1
laude	1
demonstration	1
triton	1
israeli	1
jacobson	1
workbench	1
stp	1
seeobject	1
wosa	1
mvs	1
volt	1
delta	1
orange	1
mca	1
ericsson	1
netsoft	1
sony	1
transcom	1
refereed	1
bari	1
sorrento	1
hicss	1
kauai	1
stanley	1
sutton	1
heimbigner	1
yessayan	1
maybee	1
xiping	1
song	1
redondo	1
architecting	1
isaw	1
seke	1
monterey	1
ghezzi	1
et	1
al	1
prentice	1
practitioner	1
roger	1
pressman	1
mcgraw	1
classical	1
schach	1
irwin	1
sommerville	1
faulty	1
unusable	1
outpacing	1
fashion	1
orderly	1
predictable	1
undergo	1
elimination	1
correction	1
modification	1
ignoring	1
separating	1
realizations	1
abstractions	1
reality	1
mastering	1
concentration	1
traditional	1
equipped	1
perfectly	1
designers	1
pretend	1
objectives	1
efforts	1
concentrates	1
accommodated	1
catch	1
manpower	1
deliverable	1
deliverables	1
hoc	1
dismay	1
expended	1
controlled	1
largest	1
inadequate	1
malady	1
geriatric	1
uniquely	1
consensus	1
irregular	1
invisible	1
horizons	1
unprecedentedly	1
rigor	1
discontinuous	1
scaling	1
nonlinear	1
essentially	1
adequately	1
expectations	1
economical	1
manifold	1
pace	1
advances	1
permeating	1
aircrafts	1
pacemakers	1
cancer	1
patients	1
lethal	1
doses	1
radiation	1
therac	1
esa	1
ariane	1
rocket	1
blown	1
airports	1
region	1
radio	1
vcr	1
differences	1
derived	1
taxonomies	1
hierarchies	1
representable	1
relate	1
shattering	1
watching	1
davis	1
universally	1
livelihood	1
risky	1
consultancy	1
bug	1
represents	1
kinds	1
fastforward	1
getremainingtime	1
gettrack	1
programtoplay	1
settrack	1
getbalance	1
gas	1
mileage	1
price	1
weight	1
getcolor	1
getmodel	1
getweight	1
setmake	1
setprice	1
setyear	1
polygon	1
bordercolor	1
fillcolor	1
vertices	1
surface	1
erase	1
rotate	1
angle	1
instantiations	1
drawn	1
rectangular	1
compartments	1
characteristic	1
wells	1
fargo	1
hire	1
fire	1
concrete	1
merely	1
distinguishes	1
citizen	1
automobile	1
plate	1
identifiers	1
acts	1
reacts	1
passing	1
withdrawing	1
encompasses	1
pacing	1
smiling	1
sitting	1
bored	1
jeep	1
cherokee	1
vhs	1
rewinding	1
overhead	1
projector	1
battery	1
sleeping	1
crisply	1
sales	1
interchangeably	1
trucks	1
apprehended	1
intellectually	1
integers	1
isn	1
beauty	1
emotions	1
love	1
anger	1
verbs	1
peymano	1
intropaper	1
washington	1
grady	1
redwood	1
city	1
ma	1
heckerman	1
abe	1
mamdani	1
wellman	1
dictionary	1
lorenzo	1
strigini	1
ultrahigh	1
neapolitan	1
expert	1
wiley	1
lorge	1
judea	1
plausible	1
publishers	1
mateo	1
taylor	1
jo	1
lle	1
coutaz	1
berlin	1
heidelberg	1
kl	1
sch	1
historical	1
diagrams	1
discusses	1
justify	1
impressions	1
eight	1
abounds	1
pursuits	1
nevertheless	1
hope	1
maxims	1
readers	1
occurrences	1
plans	1
exploring	1
internets	1
disoriented	1
substantiated	1
elaborated	1
extremely	1
handiworks	1
intrinsic	1
accidental	1
afforded	1
comprising	1
millions	1
versioned	1
manuals	1
correlated	1
poses	1
intricacy	1
hypertexts	1
viewing	1
intra	1
developer's	1
relieving	1
complexities	1
concerned	1
confusion	1
disorientation	1
characteristics	1
concern	1
facilitation	1
unpredictability	1
abound	1
fluctuate	1
vague	1
formulation	1
biologists	1
chemists	1
specimens	1
constituents	1
dna	1
sequences	1
throughly	1
thoroughly	1
elicited	1
gathered	1
unavoidable	1
traced	1
origins	1
defect	1
indirectly	1
untimely	1
slips	1
justifies	1
practitioners	1
alleviate	1
largely	1
overlooked	1
omission	1
surprising	1
initially	1
muse	1
perceived	1
absent	1
disregarded	1
pivotal	1
strategy	1
ferreting	1
face	1
minimization	1
systematically	1
wherever	1
fluctuations	1
conclude	1
instigate	1
shuffle	1
holds	1
promise	1
estimate	1
firmly	1
formalisms	1
realistic	1
weighed	1
certainty	1
dempster	1
shafer	1
fuzzy	1
monotonic	1
nonmonotonic	1
merits	1
implementability	1
interesting	1
efficiency	1
maintainability	1
csr	1
testability	1
implications	1
ramifications	1
progresses	1
continuous	1
predefined	1
testers	1
numerically	1
expanding	1
enhancements	1
granularity	1
comparing	1
granularities	1
afford	1
rebus	1
requisitepro	1
incorporation	1
recognizes	1
softbayes	1
indicate	1
influencing	1
expert's	1
recording	1
deemed	1
captured	1
limitations	1
assumption	1
depictions	1
relevancy	1
proved	1
confirming	1
suspicions	1
embodies	1
stemming	1
laws	1
software's	1
vaguely	1
versus	1
analyst	1
incorporated	1
suggests	1
confirms	1
conclusionpaper	1
abstractpaper	1
greatest	1
btw	1
cup	1
european	1
championships	1
anybody's	1
guess	1
stink	1
fairweather	1
fans	1
jungle	1
rome	1
notwithstanding	1
chris	1
everett	1
decked	1
bothers	1
repulsive	1
commentary	1
truth	1
hurts	1
dead	1
buff	1
picasso's	1
guernica	1
madrid	1
impression	1
joint	1
sociologist	1
revolve	1
relation	1
quantification	1
conducted	1
qualitative	1
emerge	1
manipulation	1
generativeai	1
undergraduates	1
pleasure	1
earned	1
sloan	1
wanda	1
orlikowski	1
joanne	1
yates	1
michigan	1
literature	1
colorado	1
christine	1
families	1
nyt	1
perfect	1
ultimate	1
unattainable	1
wbur	1
struggled	1
dreams	1
overworked	1
atlantic	1
america	1
yunan	1
manger	1
matt	1
kaelyn	1
costa	1
sharonsuh	1
katie	1
pine	1
myth	1
rehabilitation	1
misq	1
seemingly	1
overnight	1
rehabilitating	1
oes	1
promises	1
thrilled	1
gillian	1
hayes	1
anamara	1
ritt	1
olson	1
kana	1
huang	1
surveillance	1
caregivers	1
danah	1
boyd	1
beth	1
bechky	1
thinkers	1
tailor	1
contributing	1
holistic	1
industries	1
gap	1
propel	1
coveted	1
qualification	1
pioneers	1
blends	1
craft	1
dive	1
months	1
mastery	1
hear	1
adithya	1
vardhan	1
workshops	1
invaluable	1
implement	1
giving	1
translates	1
stands	1
delivers	1
centric	1
cherine	1
cho	1
efficiently	1
researching	1
thoughtfully	1
deepened	1
became	1
incredibly	1
jackson	1
bolcer	1
chose	1
exposure	1
stood	1
welcoming	1
obvious	1
ve	1
land	1
exciting	1
innovator	1
mmoshirp	1
iftekha	1
sbranham	1
joshug	1
emilyo	1
dean	1
dean's	1
jajones	1
kungj	1
dlennox	1
associative	1
involve	1
dominating	1
successes	1
encountered	1
employer	1
matriculation	1
postsecondary	1
uploaded	1
grades	1
marks	1
credits	1
toefl	1
ielts	1
lieu	1
enriches	1
applicant	1
scholarly	1
delays	1
agency	1
photocopies	1
achievements	1
weaknesses	1
motivation	1
gcounsel	1
handles	1
tries	1
quickbuttons	1
paragraphs	1
paragraph	1
newlines	1
pagenames	1
converted	1
camelcase	1
section's	1
wp	1
sense	1
homogeneous	1
browsing	1
workaround	1
userscript	1
js	1
nosmblinks	1
dashes	1
horizontal	1
tooltip	1
caption	1
jpeg	1
indent	1
replacements	1
converts	1
emoticon	1
equivalents	1
lol	1
fixme	1
deleteme	1
typographically	1
tm	1
multiplication	1
horizontally	1
separators	1
tableheaders	1
separator	1
decides	1
rowspans	1
rowspan	1
percent	1
indenting	1
sourcecode	1
highlighter	1
void	1
args	1
println	1
acme	1
kickass	1
tasm	1
devpac	1
abap	1
french	1
applescript	1
asm	1
asp	1
autohotkey	1
autoit	1
avisynth	1
bascomavr	1
gl	1
bf	1
bibtex	1
blitzbasic	1
bnf	1
loadrunner	1
caddcl	1
cadlisp	1
cfdg	1
cfm	1
chaiscript	1
cil	1
clojure	1
cmake	1
cobol	1
coffeescript	1
qt	1
csharp	1
cuesheet	1
dcs	1
delphi	1
diff	1
dos	1
epc	1
ecmascript	1
eiffel	1
erlang	1
euphoria	1
falcon	1
fortran	1
freebasic	1
fsharp	1
gambas	1
genero	1
genie	1
glsl	1
gml	1
gnuplot	1
groovy	1
gettext	1
gwbasic	1
hicest	1
hq	1
idl	1
intercal	1
jquery	1
kixtart	1
klonec	1
klonecpp	1
lb	1
llvm	1
locobasic	1
logtalk	1
lolcode	1
lotusformulas	1
lotusscript	1
lscript	1
lsl	1
lua	1
magiksf	1
mapbasic	1
mirc	1
mmix	1
mpasm	1
mxml	1
newlisp	1
nsis	1
oberon	1
objc	1
objeck	1
oobas	1
oxygene	1
oz	1
pascal	1
pf	1
pike	1
pic	1
pixelbender	1
pli	1
plsql	1
povray	1
powerbuilder	1
powershell	1
proftpd	1
prolog	1
providex	1
purebasic	1
pycon	1
qbasic	1
rebol	1
reg	1
robots	1
rpmspec	1
rsplus	1
scala	1
scilab	1
sdlbasic	1
smalltalk	1
smarty	1
sql	1
systemverilog	1
tcl	1
teraterm	1
thinbasic	1
tsql	1
typoscript	1
unicon	1
uscript	1
vala	1
vbnet	1
vb	1
verilog	1
vhdl	1
visualfoxpro	1
visualprolog	1
winbatch	1
whois	1
xbasic	1
xorg	1
xpp	1
zxbasic	1
myfile	1
embed	1
dashed	1
parsing	1
rendering	1
authors	1
stripped	1
dhm	1
cached	1
obviously	1
inappropriate	1
render	1
rendered	1
slashdot	1
influences	1
renders	1
availble	1
nocache	1
caches	1
rerender	1
dokuwiki's	1
damien	1
regad	1
santalucia	1
wilson	1
contributors	1
adds	1
luis	1
machuca	1
bezzaza	1
behaviour	1
dw	1
luigi	1
micco	1
converter	1
indexmenu	1
samuele	1
tognini	1
gerrit	1
uitslag	1
anael	1
mobilia	1
anika	1
henke	1
combines	1
functionalities	1
divs	1
cropped	1
activating	1
conferred	1
renewable	1
workers	1
submits	1
processed	1
launching	1
verified	1
expressly	1
phraseless	1
unencrypted	1
wired	1
aaaab	1
nzac	1
yc	1
prerequites	1
getsockname	1
annotate	1
binaries	1
complilation	1
hermod	1
vulcan	1
kilonova	1
neuromancer	1
wintermute	1
benedictus	1
invictus	1
velox	1
markov	1
liv	1
bird	1
deepreasoning	1
csc	1
titans	1
cronus	1
hyperion	1
oceanus	1
rhea	1
tethys	1
themis	1
zhanglab	1
galaxy	1
laniakea	1
voyager	1
nvl	1
moot	1
slurmdbd	1
worker	1
fysik	1
dtu	1
dk	1
niflheim	1
sattach	1
transmit	1
signal	1
comprise	1
interacting	1
sleeper	1
snippet	1
substitution	1
grab	1
kiwenlau	1
monte	1
silly	1
mpicc	1
lm	1
uncomment	1
np	1
ten	1
hrs	1
exclusive	1
arbitrarily	1
collecting	1
whl	1
wise	1
hostnames	1
native	1
specfied	1
elapsed	1
maxrss	1
maxvmsize	1
nnodes	1
ncpus	1
jobib	1
submitline	1
yuzok	1
genera	1
allocates	1
sbacast	1
queued	1
scrontrol	1
circinux	1
lots	1
summarize	1
weighted	1
evoke	1
openllab	1
qacct	1
jobe	1
exited	1
accountingstroageenforce	1
accountingstorageenforce	1
adminsitration	1
ha	1
normalized	1
partitionname	1
usagethres	1
ammount	1
calculatd	1
summing	1
hogging	1
percentage	1
constantly	1
subscribed	1
tends	1
shed	1
qosgrpmemlimit	1
launchfailedrequeuheld	1
originates	1
slurmctl	1
misconfigured	1
sched	1
backfill	1
requeuing	1
foreach	1
perf	1
slice	1
liquidated	1
slurmstepd	1
handler	1
chunk	1
managment	1
posix	1
getent	1
override	1
intentional	1
arrayjobid	1
arraytaskid	1
mcs	1
jobstate	1
restarts	1
batchflag	1
exitcode	1
derivedexitcode	1
timelimit	1
timemin	1
submittime	1
eligibletime	1
accruetime	1
starttime	1
endtime	1
suspendtime	1
secspresuspend	1
lastschedeval	1
allocnode	1
sid	1
reqnodelist	1
excnodelist	1
batchhost	1
numnodes	1
numcpus	1
numtasks	1
reqb	1
tres	1
socks	1
ntaskspern	1
corespec	1
mincpusnode	1
minmemorycpu	1
mintmpdisknode	1
delayboot	1
contiguous	1
bionets	1
sana	1
mbiogrid	1
predict	1
egrep	1
dfr	1
maxwall	1
maxtresmin	1
assocgrpcpulimit	1
host's	1
grepping	1
nn	1
ignore	1
msrs	1
kernal	1
lastly	1
compatible	1
purge	1
relocation	1
expansion	1
estimated	1
colocate	1
colocated	1
constrained	1
mountable	1
neatly	1
tall	1
idrac	1
aka	1
intake	1
exhaust	1
specialty	1
pdus	1
addressing	1
viable	1
powering	1
sliding	1
deracking	1
holes	1
toolless	1
measurements	1
diy	1
psu	1
nbd	1
sqft	1
btu	1
cord	1
surprised	1
outlets	1
dcim	1
finances	1
heart	1
hide	1
disposing	1
threedacd	1
aire	1
glycol	1
circuits	1
motor	1
projected	1
climate	1
bsas	1
comport	1
cordoned	1
strives	1
strike	1
stability	1
conformity	1
uniformly	1
fleet	1
gatekeeper	1
blocker	1
derail	1
groupings	1
familiarity	1
capacities	1
coordinate	1
approves	1
group's	1
promiscuous	1
switching	1
ahead	1
consuming	1
occasion	1
difficult	1
nonsensical	1
counterproductive	1
beneath	1
drv	1
undeployed	1
avoids	1
corrupt	1
repaired	1
centrally	1
near	1
natively	1
javac	1
wildcards	1
postgresl	1
rehome	1
belong	1
libs	1
lsblk	1
lsscsi	1
meminfo	1
cpuinfo	1
htop	1
employs	1
rebooted	1
circumvent	1
felt	1
ordinary	1
nltk	1
modulefiles	1
mistake	1
maybe	1
usuaully	1
unecessary	1
produces	1
sylabs	1
rocm	1
mappings	1
sysctl	1
furthermore	1
unpriv	1
laughing	1
cow	1
gpu's	1
infon	1
postgreseql	1
env	1
tiangolo	1
meinheld	1
establishing	1
driectory	1
systema	1
intoy	1
authenticity	1
ecdsa	1
jddej	1
mjbngem	1
icdpg	1
kcvxi	1
vk	1
kmiy	1
esppc	1
openlab's	1
configureation	1
sed	1
vers	1
helpsdesk	1
fakegroup	1
sifs	1
switche	1
prefer	1
sex	1
imagefile	1
teh	1
ipynb	1
fetch	1
cnf	1
instanced	1
gcr	1
deepmath	1
hol	1
blobs	1
dbe	1
fca	1
ff	1
ecddcb	1
manifest	1
btls	1
ee	1
fa	1
tix	1
virtualized	1
considers	1
connects	1
nano	1
restoration	1
ont	1
tipsandtricks	1
itemnetfs	1
ro	1
showcerts	1
tagme	1
pem	1
importcert	1
trustcacerts	1
aliasname	1
passwd	1
argv	1
skellingtonv	1
nobody	1
hiccup	1
rename	1
elses	1
disposition	1
packagecloud	1
bionic	1
anonymous	1
branched	1
impliment	1
merge	1
biolinux	1
tail	1
tar	1
gzip	1
chained	1
conventions	1
pssh	1
returns	1
linuxcommand	1
file's	1
sep	1
examining	1
superuser	1
interpreted	1
convey	1
inexpensive	1
investing	1
coldline	1
hyperlink	1
expedite	1
cloudedugrants	1
venice	1
mutlple	1
verifying	1
subscriptions	1
arrow	1
unfurls	1
pencil	1
compartmentalize	1
advertised	1
chosse	1
completes	1
creatin	1
receipts	1
viability	1
numerical	1
weather	1
cern	1
zika	1
gce	1
lacked	1
marketplace	1
glcoud	1
bindings	1
mlcarril	1
janet	1
rostami	1
orderadmin	1
etag	1
bwximgb	1
transforms	1
standardized	1
gfortran	1
iftop	1
iotop	1
mtr	1
ss	1
vmstat	1
isolated	1
compete	1
forking	1
another's	1
customizations	1
scypi	1
ew	1
hubs	1
buttons	1
initdb	1
ctl	1
logfile	1
sizes	1
uploads	1
popup	1
launched	1
intellisense	1
cdr	1
fork	1
folks	1
rf	1
places	1
foremost	1
ta's	1
middle	1
redeploy	1
body	1
minimally	1
duoldap	1
duoauthproxy	1
authevents	1
msg	1
preauth	1
reject	1
hook	1
ssp	1
sendtoken	1
caps	1
reloading	1
jsalk	1
crashed	1
pidof	1
preventative	1
adjust	1
allowprivilegeescalation	1
discourse	1
fetching	1
code's	1
internally	1
ctlaltdel	1
clicked	1
junjies	1
age	1
failedkillpod	1
kubelet	1
killcontainer	1
killcontainererror	1
desc	1
timeout	1
grace	1
backwards	1
investigating	1
labextension	1
ingress	1
symptom	1
anylonger	1
thread	1
arises	1
concurrency	1
simultaneously	1
terminate	1
reapply	1
recreate	1
pv	1
squlite	1
centeral	1
snaptosts	1
plotting	1
cran	1
contrib	1
snmp	1
weblogs	1
searchable	1
dale	1
xerus	1
dec	1
thurman	1
handlers	1
highs	1
lows	1
onboard	1
kibana	1
conn	1
len	1
procs	1
permit	1
naming	1
arriving	1
incorporates	1
rewritten	1
proofpoint's	1
hovering	1
guard	1
assumed	1
filtered	1
categorized	1
buckets	1
quarantined	1
accordance	1
justice's	1
doj	1
ruling	1
universities	1
pdfs	1
captions	1
provost	1
worksheets	1
repeated	1
reproduces	1
audiotapes	1
film	1
negatives	1
roms	1
recordkeeping	1
conventional	1
individualized	1
secured	1
directors	1
remediating	1
archiving	1
unpublishing	1
roadblocks	1
overly	1
burdensome	1
unpublish	1
roundup	1
wand	1
anteaters	1
branham's	1
panorama	1
dtei	1
videos	1
powers	1
lighthouse	1
devtools	1
accessibilitrees	1
badging	1
bite	1
sized	1
trainings	1
systemwide	1
measuring	1
aligns	1
inactive	1
abandoned	1
remediated	1
creators	1
lookout	1
completing	1
inactivity	1
andrew	1
berk	1
sd	1
deciding	1
worldwide	1
institutional	1
signals	1
lecturers	1
coverage	1
repurposed	1
closer	1
encryption	1
syncing	1
occurring	1
tiered	1
rolled	1
optimize	1
sustainable	1
closely	1
seamless	1
duplicates	1
unneeded	1
periodically	1
exceeds	1
storagetiers	1
thes	1
generously	1
cyberinfrastructure	1
polite	1
hogs	1
quotad	1
usernme	1
refn	1
castle	1
doit	1
documentations	1
transcript	1
quit	1
sa	1
googleusercontent	1
urn	1
documetation	1
versbose	1
flags	1
limiting	1
bwlimit	1
nfsscratch	1
manufacturer	1
schoolf	1
skipped	1
blacklisted	1
modprobe	1
uefi	1
lsmod	1
dracut	1
latched	1
skipping	1
uninstalled	1
dkms	1
drm	1
modeset	1
rerun	1
gsub	1
slot	1
uuid	1
overheating	1
intense	1
simons	1
lambda	1
unplug	1
cords	1
psus	1
sr	1
iov	1
referenced	1
pairs	1
topo	1
smp	1
qpi	1
upi	1
phb	1
pxb	1
pix	1
bonded	1
custhelp	1
vbios	1
timestamp	1
pstate	1
reservations	1
webcam	1
bluetooth	1
wiped	1
borrower	1
borrowers	1
incur	1
mention	1
glut	1
eclipse	1
gimp	1
fpga	1
gsview	1
ghostview	1
ghostscript	1
gns	1
irfanview	1
clion	1
pycharm	1
junit	1
mingw	1
esr	1
notepad	1
pydev	1
subclipse	1
racket	1
byob	1
berkeley	1
steel	1
textpad	1
weka	1
wing	1
deletions	1
apporto	1
efc	1
ecb	1
personally	1
decided	1
investigator	1
asus	1
gddr	1
productive	1
brings	1
netid	1
lefthand	1
readd	1
contextually	1
cyberciti	1
biz	1
iu	1
bdnt	1
keyfile	1
dsa	1
differently	1
altkeyname	1
computure	1
key's	1
exmaple	1
groupleader's	1
cyberduck	1
moboxterm	1
stores	1
ucommonly	1
reconcile	1
simplified	1
coupled	1
hijacked	1
accomplishing	1
droidwin	1
differ	1
retained	1
quota'd	1
cyberton	1
typical	1
frequent	1
overwritten	1
explorer's	1
automount	1
dn	1
nismapname	1
byname	1
nightly	1
burden	1
nearing	1
unmanged	1
automounter	1
everywhere	1
nvme	1
localfs	1
abundant	1
locafs	1
slower	1
counts	1
tbs	1
duties	1
opposed	1
coincidental	1
distinction	1
preserving	1
creator	1
newly	1
stripping	1
breaking	1
commenting	1
libldap	1
fictional	1
filler	1
utils	1
wants	1
subdirectory	1
subdir	1
browseable	1
printable	1
interact	1
fedorasolved	1
automating	1
linuxjournal	1
node's	1
manifests	1
rootpw	1
ihler	1
actual	1
prohibiting	1
unmount	1
yourkeyfile	1
localuser	1
dumped	1
fat	1
lstat	1
lv	1
hangs	1
histfile	1
revisit	1
hutz	1
patched	1
edgy	1
your's	1
sexually	1
abortion	1
potentially	1
hun	1
dred	1
seriousness	1
offense	1
sanctions	1
interrim	1
committee	1
depart	1
ment	1
cuss	1
abuse	1
obligation	1
capriciously	1
bboard	1
expressing	1
disagreement	1
infractions	1
unlocking	1
abusing	1
lowered	1
severe	1
repeating	1
remainder	1
dismissed	1
police	1
penal	1
abuses	1
crime	1
prison	1
impositions	1
rigidly	1
ordinarily	1
flagrant	1
annoy	1
cc'ing	1
printouts	1
recycling	1
columbia	1
targeted	1
workgroups	1
eases	1
unleash	1
wrote	1
bloggers	1
customizing	1
irc	1
wishes	1
wikimatrix	1
humble	1
donating	1
bucks	1
mailinglist	1
greyed	1
dsign	1
movie	1
rotation	1
overlapping	1
canakit	1
mini	1
sandisk	1
webapp	1
usernames	1
hyphenated	1
variant	1
nslookup	1
supervisor	1
eliminating	1
centralizing	1
integrating	1
imports	1
unl	1
flat	1
unlisted	1
imported	1
searches	1
marked	1
descending	1
chronological	1
finalize	1
accounttype	1
lookup	1
visiting	1
participation	1
durations	1
bulk	1
rosters	1
excuse	1
absences	1
seamlessly	1
lms	1
incorrectly	1
qr	1
timeframe	1
geoloation	1
grey	1
hides	1
device's	1
cloudflare	1
sensing	1
stamp	1
micro	1
immuno	1
cbe	1
alg	1
fin	1
fn	1
urban	1
microbiomes	1
algrthm	1
crm	1
miscar	1
prof	1
practicum	1
orgs	1
socecol	1
microbiol	1
studnt	1
mgn	1
wrkfrce	1
intergr	1
prncpl	1
eco	1
koran	1
japan	1
economy	1
sw	1
analyt	1
intl	1
lps	1
aw	1
environ	1
sustain	1
multiplayer	1
orgnizatnl	1
creat	1
pitchdeck	1
taxation	1
corp	1
prtnrship	1
tax	1
integr	1
antrepr	1
fluid	1
mechs	1
univ	1
orchestra	1
integrative	1
libvirth	1
shipped	1
pallet	1
vis	1
dispatch	1
carriers	1
accrue	1
billed	1
po	1
quadrant	1
streets	1
peltason	1
mandated	1
cyber	1
mandate	1
president	1
detailing	1
enforcement	1
uptake	1
maintains	1
kuali	1
ksams	1
docusign	1
confluence	1
jira	1
onetrust	1
facnet	1
trs	1
chromeos	1
exempted	1
postdoctoral	1
ra	1
specialist	1
evaluators	1
emeriti	1
actors	1
detects	1
permament	1
statick	1
ineffective	1
mailer	1
mailbox	1
netfilter	1
bans	1
ips	1
configurable	1
huner	1
hunter	1
telnet	1
connecsion	1
traverse	1
revsys	1
writings	1
quicktips	1
discouraged	1
exposes	1
attractive	1
attack	1
doc	1
refman	1
avaiable	1
tls	1
acl	1
attacks	1
subnet	1
lightweight	1
assessments	1
edr	1
relink	1
unlinking	1
unlink	1
nessucli	1
secs	1
ago	1
proxy	1
configs	1
ssrq	1
unsure	1
passes	1
respond	1
thea	1
deck	1
certification	1
economically	1
settled	1
simplest	1
plug	1
adapters	1
treillix	1
ansible	1
centso	1
hexshj	1
hex	1
helix	1
whitelisted	1
maximize	1
jul	1
masterhit	1
xythoswfs	1
webview	1
xy	1
unzip	1
dmg	1
taskbar	1
hosted	1
aren	1
according	1
benny	1
angeles	1
grabs	1
communicates	1
bao	1
comm	1
deans	1
gsao	1
er	1
ous	1
fixlets	1
xxxx	1
lockouts	1
lacks	1
sections	1
qualified	1
fqdn	1
deny	1
opportunistic	1
excessive	1
signup	1
timed	1
ipad	1
gray	1
website's	1
affiliate	1
desktops	1
refreshing	1
versa	1
cisco's	1
uninstaller	1
mac's	1
pad	1
pkgutil	1
anyconnect	1
uncheck	1
minimize	1
dropdown	1
expire	1
slots	1
workorder	1
gss	1
sponsor	1
unaffiliated	1
employes	1
ticketing	1
analyzes	1
periods	1
unplanned	1
inefficiencies	1
weekend	1
unstable	1
mike	1
bonomo	1
pe	1
breakers	1
sce	1
islanded	1
plant	1
prevented	1
energized	1
islanding	1
electricians	1
dispatched	1
offices	1
intellij	1
sat	1
plrg	1
weird	1
reboots	1
fabric	1
odule	1
xfm	1
ochca	1
ledu	1
intermittent	1
remount	1
boots	1
wunsch	1
deleon	1
lucia	1
diaz	1
fixes	1
went	1
restoring	1
mountd	1
should've	1
remained	1
kicks	1
unavailabe	1
li's	1
flucuation	1
blinking	1
arrived	1
fives	1
occured	1
ethiopia	1
hi	1
advised	1
cct	1
initiate	1
stand	1
hieu	1
trinh	1
occupants	1
surge	1
affecting	1
noticed	1
displaying	1
precaution	1
advise	1
pause	1
fume	1
hood	1
precautions	1
appreciate	1
patience	1
imam	1
toufique	1
netsail	1
relkhou	1
resolution	1
recovered	1
zen	1
passwordless	1
telepresence	1
sla	1
affirms	1
examine	1
disclose	1
holder's	1
iv	1
nat	1
cidr	1
sora	1
seats	1
staffing	1
staffed	1
noon	1
expansive	1
footprint	1
sq	1
comfort	1
peak	1
versatile	1
solo	1
sit	1
spontaneous	1
zones	1
distraction	1
stairs	1
occupies	1
guidlines	1
studying	1
ly	1
aromatic	1
fresh	1
inclusive	1
aromas	1
takeout	1
twist	1
lids	1
cleanliness	1
wipe	1
crumbs	1
spills	1
dispose	1
recyclables	1
restroom	1
receptacles	1
odors	1
supplies	1
happen	1
furniture	1
reserves	1
relocate	1
abide	1
university's	1
relatives	1
roomates	1
homeless	1
lab's	1
copyrighted	1
mp	1
electronically	1
wastes	1
destroys	1
rid	1
doorway	1
entrance	1
disturb	1
steal	1
balls	1
monitors	1
stolen	1
decreased	1
caught	1
authorities	1
bought	1
licences	1
fortunately	1
prices	1
illegal	1
tampered	1
securecrt	1
unual	1
statup	1
mistakenly	1
tcshrc	1
zshrc	1
changeable	1
cents	1
payprint	1
slowly	1
streaks	1
jam	1
refund	1
dispenser	1
malfunctioned	1
deterrent	1
supplement	1
graveyard	1
smells	1
attracts	1
pests	1
danger	1
precious	1
printout	1
unlicensed	1
disturbance	1
precendence	1
leisurely	1
motion	1
pentium	1
mhz	1
seriously	1
courseload	1
thinking	1
plants	1
labor	1
sept	1
proffessor's	1
proffessor	1
computes	1
labbie	1
timesheet	1
guideline	1
retakes	1
reread	1
visting	1
ethically	1
wasting	1
spying	1
misuse	1
mass	1
mailings	1
classwork	1
ample	1
keywords	1
audience	1
clang	1
instllation	1
intall	1
respective	1
rpm	1
infromation	1
quicker	1
bibliographer	1
disconnection	1
recruitement	1
resumed	1
joinhandshake	1
negotiated	1
edp	1
administered	1
joining	1
roll	1
wsg	1
javachampions	1
aef	1
freely	1
distributable	1
commercially	1
opendjdk	1
gpl	1
functionally	1
interchangable	1
inherit	1
demonstrating	1
unrestrcted	1
directgory	1
acdc	1
kiss	1
motorhead	1
enjoys	1
calculations	1
xhr	1
ysi	1
dktykjq	1
kq	1
xwmxaae	1
ywiixzg	1
zotmail	1
exploitable	1
alert	1
cyberinfrastucture	1
suppirting	1
stduents	1
reconnect	1
unquotad	1
availabe	1
indefinately	1
beacons	1
disarmed	1
legitimate	1
vaccine	1
interfered	1
telemetry	1
isp	1
approximate	1
inferred	1
locale	1
sharable	1
forums	1
disclosed	1
deletion	1
exact	1
veritable	1
cornucopia	1
retired	1
legitimately	1
heruko	1
slack	1
purchaser	1
reimbursed	1
abrupt	1
relapse	1
suspending	1
chief	1
candidates	1
opinions	1
unattended	1
graphed	1
additonal	1
exporters	1
disabling	1
provider	1
hotmail	1
bounced	1
super	1
invitations	1
readily	1
anticipate	1
employees	1
guests	1
activevly	1
finer	1
quarter's	1
urge	1
everyone's	1
desks	1
carpets	1
walls	1
painted	1
caretakers	1
crop	1
son	1
xz	1
tablets	1
smartphones	1
telephone	1
qualifying	1
cot	1
remarkably	1
recurring	1
periodic	1
beagle	1
scouts	1
recompiled	1
subdomain	1
commodity	1
campaigns	1
spamscore	1
sssss	1
route	1
turning	1
vigilant	1
dkim	1
wikepedia	1
domainkeys	1
opendkim	1
mailservers	1
matches	1
sender's	1
deferred	1
lastest	1
direcotry	1
runnig	1
suspension	1
ucinedid	1
smbd	1
unquota'd	1
egress	1
continuity	1
edut	1
discounts	1
availableon	1
containerization	1
docker's	1
inquire	1
elevated	1
discontinuing	1
arrangements	1
etech	1
analogous	1
incommonfederation	1
wildcard	1
renewed	1
letsencrypt	1
poison's	1
ucie	1
coder	1
gigabyte	1
indefinitely	1
inboxes	1
tagged	1
eliminates	1
hops	1
blocklist	1
maanged	1
awscli	1
releated	1
warned	1
redeploying	1
jellyfish	1
fore	1
indefinitelywhen	1
rancher	1
usuing	1
codename	1
backend	1
pods	1
reopened	1
imagine	1
skype	1
icsdb	1
unrealized	1
bduc	1
bsics	1
chatroom	1
diskless	1
logmein	1
brenwall	1
hyperwall	1
secunia	1
atlas	1
coyote	1
equalizer	1
sunfire	1
bubo	1
ims	1
hnas	1
collab	1
patch	1
patching	1
dadamail	1
emc	1
networker	1
tivoli	1
lakeshore	1
offsite	1
tapes	1
wake	1
lan	1
cascade	1
shopper	1
astro	1
banacek	1
breezy	1
bunker	1
ccccc	1
christopher	1
eccleston	1
coachz	1
colin	1
baker	1
columbo	1
cyril	1
figgis	1
gaia	1
gigantor	1
glacier	1
hawk	1
chesterton	1
kraken	1
kronecker	1
magnum	1
masog	1
mulder	1
mulholland	1
nebula	1
nimbus	1
packrat	1
davison	1
shelob	1
skellington	1
spenser	1
steele	1
tiamat	1
trestles	1
tron	1
ungoliant	1
wight	1
wxgoose	1
zion	1
alexandria	1
patrick	1
troughton	1
qlogic	1
sanbox	1
tainer	1
powervault	1
quantum	1
opengear	1
sensaphone	1
asterix	1
bic	1
cbcl	1
dechter	1
scalemp	1
wallpaper	1
attendants	1
shipment	1
mtest	1
wds	1
prestaging	1
vlans	1
sempahore	1
loader	1
testsuites	1
luks	1
decrypt	1
conditioning	1
cronjobs	1
usages	1
yearly	1
bootstrap	1
prungta	1
cobys	1
regdb	1
migrations	1
peera	1
calit	1
nexus	1
dlink	1
infiniband	1
ucarp	1
mellanox	1
voltaire	1
recharge	1
moves	1
scout	1
nagiosaliasfilecheck	1
nagioscheckqtree	1
nagiossmtpcritical	1
nagiossystemload	1
twofactorauthentication	1
authenticator	1
idfinder	1
sanesecurity	1
serverregistration	1
certs	1
alarm	1
accesswithoutconsent	1
checkmate	1
cms	1
ganglia	1
gats	1
mailboss	1
cvs	1
freeipa	1
glusterfs	1
aps	1
maildir	1
kayfamilyfoundationlab	1
loadbalancer	1
fas	1
ntp	1
powerchute	1
rbl	1
sunone	1
evals	1
maillist	1
mgr	1
pivots	1
molsoft	1
mono	1
openeye	1
pymol	1
rcs	1
schrodinger	1
seurat	1
tyan	1
xvcg	1
berkeleydb	1
ciao	1
clamav	1
ffmpeg	1
imapd	1
keepalived	1
mod	1
neon	1
octave	1
swig	1
allegro	1
amber	1
caffe	1
ipmitool	1
maven	1
shi	1
redmine	1
repoforge	1
revolutionr	1
sigmoid	1
virtuoso	1
crashplan	1
instantclient	1
aggregrate	1
nics	1
descriptors	1
inetconv	1
mtu	1
jumbo	1
prom	1
pserver	1
rbac	1
relocating	1
snoop	1
cachefs	1
oneliners	1
tunable	1
ulimit	1
canned	1
phoebe	1
prepping	1
dellpremier	1
summeracademy	1
boilerplate	1
brownbags	1
autonstall	1
growing	1
summersalary	1
diskusage	1
mongob	1
mosh	1
moderntribe	1
commontools	1
visualstudio	1
campaignmonitor	1
windowskms	1
ivhe	1
sysops	1
questa	1
gnu's	1
complier	1
kms	1
tribe	1
farms	1
scripting	1
compromise	1
interuption	1
stopped	1
cve	1
sssd	1
chilled	1
fallout	1
mortem	1
ns	1
scully	1
ghana	1
died	1
iscsiadm	1
smartctl	1
megaraid	1
storcli	1
autoinstall	1
rdp	1
superceded	1
gotchas	1
solvenet	1
nx	1
reader	1
fellowship	1
ver	1
crawlers	1
apc	1
timetable	1
openvox	1
heartbeat	1
