support	2326
ics	1626
wiki	1160
software	1102
tools	896
sitemap	703
research	564
user	531
security	466
log	465
services	441
group	431
login	416
uci	408
storage	407
virtual	403
hardware	397
environments	383
backups	372
page	351
old	349
network	337
accounts	334
computing	333
revisions	327
backlinks	325
recent	322
changes	319
site	319
manager	316
media	306
instructional	302
commands	300
available	294
policies	290
ai	282
access	279
please	270
remote	269
edu	265
students	260
us	260
pages	258
will	257
sidebar	253
data	249
password	238
information	235
can	233
webapps	225
engineering	216
namespaces	214
ordered	213
requesttracker	212
faculty	211
home	209
announce	209
slurm	207
undergraduate	205
username	203
work	202
files	202
system	201
statistics	200
student	189
graduate	186
campus	179
time	179
open	176
linux	171
account	169
program	168
projects	168
windows	167
maintenance	167
duo	166
contact	163
using	162
computer	159
server	159
use	156
resources	155
policy	155
version	155
sales	155
people	153
irvine	153
following	152
slide	147
google	144
run	144
labs	142
project	141
development	140
science	140
follow	133
include	130
systems	130
requests	130
make	128
directory	126
may	124
new	124
back	123
com	118
skip	117
logged	117
faqs	116
view	115
archive	114
add	113
networking	113
singularity	113
informatics	112
programs	111
uc	111
one	111
bigfix	111
set	110
uncertainty	110
helpdesk	110
imaging	109
spotlights	108
testing	108
contacts	108
orders	108
solaris	108
templates	106
omnios	106
miscellaneous	106
file	105
icsdc	105
mdt	105
runbooks	105
summeracademy	105
request	103
content	101
web	100
series	99
design	99
need	99
show	99
openlab	99
job	98
academic	97
applications	97
department	96
community	96
inf	96
command	96
first	95
process	94
running	94
list	93
topics	92
name	92
object	92
close	92
host	92
practical	91
solutions	90
see	90
programming	90
next	90
rt	90
bren	89
class	89
swe	89
monitoring	89
display	89
code	88
sbatch	88
seminar	87
menu	87
sure	86
help	86
best	85
ssh	84
learning	83
check	83
copyright	83
email	83
news	82
modeling	82
get	82
sudo	82
like	80
https	80
share	80
management	79
donald	78
restricted	78
authentication	78
inquiries	78
error	77
stats	77
gb	77
llc	77
bestpractical	77
previous	76
submit	75
hub	74
sacctmgr	74
experience	73
php	73
yes	73
bayesian	72
create	72
location	72
users	71
part	70
cluster	70
also	70
root	70
admissions	69
corporate	69
career	68
analysis	68
well	68
node	68
jupyterhub	68
docker	67
advising	66
school	66
staff	65
change	65
currently	65
bin	65
ziv	65
database	64
current	64
test	64
levels	64
screen	64
hosts	64
qos	64
professional	63
last	63
ip	63
future	62
common	62
mysql	61
world	60
install	60
enter	59
oit	59
datacenter	59
example	58
power	58
search	57
alumni	57
hall	57
number	57
oriented	56
gpu	56
events	55
via	55
two	55
requirements	55
styles	55
html	55
details	55
www	55
tron	55
operating	54
text	54
hadar	54
honors	53
start	53
must	53
export	53
credentials	53
none	53
capstone	52
classes	52
case	52
address	52
enabled	52
echo	52
installation	52
center	51
course	51
ca	51
sciences	51
used	51
lab	51
links	51
tasks	51
cc	51
device	51
nfs	51
industry	50
cs	50
human	50
top	50
dokuwikii	50
specific	49
team	49
graphic	49
trace	49
machine	48
principles	48
study	48
managed	48
tainer	48
txt	47
click	47
networks	47
state	47
otherwise	47
local	47
tracker	47
circinus	47
main	46
statistical	46
partnerships	46
now	46
international	46
package	46
jobs	46
remember	46
modified	45
uncertainties	45
financial	44
provide	44
techniques	44
model	44
packages	44
pdf	44
additional	44
license	44
dokuwiki	44
privileges	44
ubuntu	43
port	43
vscode	43
opportunities	42
lecture	42
privacy	42
including	42
yu	42
apache	42
dissertation	42
configuration	42
table	42
ghz	42
service	42
courses	41
confidence	41
alike	41
announcement	41
vpn	41
except	41
cpu	41
passcode	41
accessibility	40
learn	40
note	40
noted	40
licensed	40
attribution	40
noncommercial	40
areas	39
impact	39
calendar	39
health	39
space	39
website	39
introduction	39
self	39
instance	39
cloud	39
pagesource	39
partition	39
onedrive	39
agent	39
exploration	38
application	38
module	38
purchase	38
script	38
connection	38
servers	38
clear	37
large	37
methods	37
based	37
etc	37
end	37
review	37
insufficient	37
update	37
obtaining	37
per	37
nvidia	37
shiny	37
smu	37
pool	37
explore	36
partners	36
path	36
modify	36
want	36
range	36
models	36
ph	36
connect	36
many	36
just	36
devices	36
mswe	36
primary	36
syntax	36
bash	36
affiliates	36
cookies	36
usr	36
jupyter	36
hans	36
awards	35
starts	35
related	35
allow	35
master	35
implementation	35
link	35
default	35
sh	35
srun	35
var	35
checkin	35
equipment	35
organizations	34
distinguished	34
navigation	34
positions	34
maps	34
apply	34
behavior	34
session	34
skills	34
documentation	34
ada	34
client	34
go	34
contents	34
image	34
row	34
col	34
ldap	34
os	34
zotdefend	34
success	33
aid	33
within	33
reserved	33
concepts	33
order	33
reports	33
different	33
belief	33
conf	33
questions	33
python	33
rstudio	33
nessus	33
facebook	32
event	32
connected	32
ensure	32
required	32
still	32
created	32
purchases	32
tomcat	32
majors	31
control	31
youtube	31
emergency	31
settings	31
http	31
phone	31
info	31
browser	31
summary	31
risk	31
prompt	31
choose	31
mem	31
priority	31
igb	31
netreg	31
dtr	31
tutoring	30
entrepreneurship	30
level	30
twitter	30
linkedin	30
instagram	30
footer	30
preparedness	30
rights	30
environment	30
full	30
three	30
hours	30
factor	30
involved	30
quality	30
interface	30
select	30
important	30
jun	30
logging	30
centos	30
key	29
track	29
microsoft	29
fri	29
pdt	29
secure	29
shipping	29
deliveries	29
hostname	29
matx	29
custom	29
desktop	29
minors	28
inclusion	28
multiple	28
multi	28
problems	28
build	28
provides	28
format	28
artifacts	28
processes	28
id	28
report	28
manage	28
shell	28
supportedos	28
proofpoint	28
gitlab	28
fireeye	28
enjoy	27
limitless	27
extracurricular	27
outreach	27
clubs	27
engagement	27
recruitment	27
university	27
problem	27
variety	27
core	27
field	27
results	27
source	27
technologies	27
document	27
examples	27
look	27
provided	27
objects	27
spaces	27
memory	27
usage	27
cifs	27
sata	27
operations	26
means	26
interested	26
office	26
driven	26
working	26
technical	26
external	26
low	26
designed	26
without	26
setup	26
amd	26
apt	26
mount	26
centers	25
wide	25
intelligent	25
description	25
interaction	25
hypertext	25
called	25
find	25
references	25
developers	25
protection	25
nodes	25
limited	25
troubleshooting	25
quotas	25
notebook	25
status	25
tmp	25
mb	25
app	25
practice	24
high	24
intel	24
defined	24
known	24
block	24
formatting	24
sas	24
directories	24
load	24
signage	24
hds	24
approach	23
general	23
degree	23
studies	23
title	23
understanding	23
solution	23
issues	23
single	23
take	23
members	23
put	23
volume	23
tree	23
internal	23
date	23
try	23
heading	23
installed	23
rnail	23
endpoint	23
supplier	23
connecting	22
emphasis	22
regression	22
hypothesis	22
non	22
automatically	22
groups	22
images	22
failed	22
values	22
directly	22
stop	22
line	22
debugging	22
visit	22
exam	22
ucinetid	22
sinfo	22
xeon	22
pull	22
titan	22
wifi	22
filesystem	22
outage	22
connections	21
develop	21
steps	21
offers	21
become	21
distributed	21
summer	21
structures	21
knowledge	21
complete	21
welcome	21
written	21
overview	21
done	21
notes	21
remove	21
way	21
organization	21
require	21
right	21
count	21
clients	21
contributions	21
section	21
configured	21
keys	21
opengpu	21
container	21
sys	21
upgrade	21
gradinfo	21
loading	21
compsci	21
backup	21
academics	20
professor	20
year	20
among	20
option	20
chapter	20
indicates	20
join	20
drive	20
output	20
activation	20
limit	20
supervisor	20
defunct	20
trellix	20
tenable	20
vulnerability	20
consulting	19
simple	19
components	19
special	19
final	19
business	19
real	19
quarter	19
submitted	19
dynamic	19
able	19
another	19
active	19
history	19
java	19
task	19
left	19
cd	19
types	19
laptop	19
focus	19
send	19
supported	19
config	19
window	19
grad	19
examtrak	19
chem	19
scanning	19
hitachi	19
read	18
contrast	18
together	18
years	18
creating	18
across	18
alternatives	18
gene	18
computational	18
needs	18
includes	18
library	18
language	18
beckman	18
owner	18
performance	18
tv	18
static	18
step	18
modules	18
ports	18
pi	18
repo	18
assigned	18
platform	18
officially	18
ending	18
quota	18
lom	18
annual	17
researchers	17
broad	17
procedures	17
definition	17
wald	17
tests	17
runs	17
education	17
departments	17
academy	17
several	17
domain	17
ability	17
mobile	17
hands	17
since	17
allows	17
properties	17
others	17
often	17
fail	17
made	17
cequencer	17
strongly	17
ways	17
comprehensive	17
reviews	17
instructions	17
edit	17
warning	17
permissions	17
button	17
configure	17
squeue	17
copy	17
ollama	17
dc	17
tiers	17
signing	17
uisl	17
securing	17
existing	16
typically	16
retrieval	16
basic	16
binary	16
type	16
cases	16
background	16
various	16
either	16
know	16
options	16
fame	16
newsletters	16
reset	16
teams	16
looking	16
long	16
latest	16
specifically	16
unix	16
exist	16
writing	16
box	16
lists	16
judgment	16
scontrol	16
setting	16
mode	16
ava	16
delete	16
token	16
url	16
receiving	16
apple	16
mgmt	16
ssc	16
features	15
senior	15
algorithms	15
eecs	15
visual	15
spring	15
intro	15
structure	15
form	15
ii	15
training	15
scale	15
internet	15
diverse	15
startups	15
leadership	15
oo	15
teach	15
found	15
however	15
crisis	15
myths	15
cost	15
ieee	15
appropriate	15
fix	15
complexity	15
attributes	15
given	15
unit	15
sources	15
encourage	15
engine	15
energy	15
download	15
org	15
span	15
approval	15
fair	15
offline	15
epyc	15
lib	15
gpus	15
installing	15
pkg	15
logs	15
simg	15
ticket	15
kerberos	15
bluearc	15
updates	14
inference	14
elements	14
complex	14
mathematics	14
relationships	14
every	14
major	14
introduces	14
concurrent	14
point	14
approaches	14
second	14
california	14
chen	14
prepare	14
ideas	14
careers	14
foundations	14
accessible	14
successful	14
instructor	14
personal	14
improve	14
june	14
vs	14
qualities	14
represent	14
needed	14
message	14
premises	14
making	14
starting	14
simply	14
already	14
going	14
gui	14
restrictions	14
trying	14
hello	14
postgresql	14
plugin	14
pyslurm	14
sge	14
jobid	14
extra	14
fs	14
reboot	14
grid	14
brenschool	14
elnino	14
downtime	14
checkout	14
incidents	14
pwfile	14
innovative	13
thought	13
april	13
seminars	13
pm	13
consider	13
throughout	13
continue	13
math	13
interactive	13
fall	13
discussion	13
included	13
social	13
validation	13
boundaries	13
books	13
depth	13
designing	13
extension	13
uml	13
versions	13
notification	13
even	13
getting	13
abstraction	13
building	13
identify	13
products	13
encapsulation	13
possible	13
cat	13
conclusions	13
artifact	13
frameworks	13
enable	13
confirm	13
applied	13
supports	13
sign	13
receive	13
attempted	13
seeing	13
geographic	13
permitted	13
record	13
trouble	13
uses	13
inside	13
portal	13
batch	13
gres	13
cpus	13
mounted	13
slurmctld	13
terminal	13
luciad	13
privilege	13
writable	13
acknowledge	13
opt	13
firewall	13
showcase	12
partner	12
expo	12
better	12
yet	12
addresses	12
offered	12
institutes	12
theory	12
lower	12
intended	12
hour	12
tables	12
activities	12
chemistry	12
size	12
leading	12
increase	12
developing	12
paper	12
role	12
situations	12
online	12
significant	12
essential	12
recently	12
updating	12
resume	12
lifecycle	12
detailed	12
specified	12
communication	12
press	12
contains	12
guide	12
therefore	12
seems	12
scores	12
directions	12
assurance	12
libraries	12
move	12
diversity	12
recognized	12
doku	12
xml	12
err	12
null	12
queue	12
vm	12
longer	12
poison	12
execute	12
eof	12
luser	12
tracking	12
input	12
console	12
rack	12
sudoers	12
correctly	12
hnas	12
ams	12
innovation	11
lecturer	11
teaching	11
linear	11
discovery	11
critical	11
standard	11
architecture	11
visualization	11
light	11
print	11
whether	11
supporting	11
aspects	11
companies	11
write	11
faq	11
affairs	11
institute	11
backgrounds	11
combination	11
becoming	11
mission	11
ethical	11
publications	11
font	11
conferences	11
construction	11
rest	11
identity	11
standards	11
usability	11
workflow	11
progress	11
mail	11
adding	11
addison	11
early	11
september	11
usually	11
product	11
present	11
initial	11
similar	11
works	11
bank	11
something	11
array	11
generated	11
requires	11
decision	11
frequently	11
alternative	11
least	11
capture	11
resource	11
classroom	11
reverse	11
sets	11
recommended	11
register	11
necessary	11
accept	11
scans	11
string	11
item	11
added	11
looks	11
minutes	11
allocated	11
grep	11
sacct	11
reason	11
fairshare	11
maxjobs	11
sync	11
let	11
sem	11
gcp	11
sif	11
lts	11
yum	11
unavailable	11
admin	11
tardigrade	11
push	11
sun	11
ntfs	11
october	10
continues	10
implementing	10
errors	10
expertise	10
experiential	10
structured	10
area	10
listing	10
shown	10
regarding	10
david	10
representation	10
stat	10
github	10
association	10
appear	10
topic	10
tech	10
academia	10
life	10
verification	10
gain	10
specify	10
relevant	10
evaluation	10
public	10
due	10
good	10
started	10
developer	10
professionals	10
hard	10
concerns	10
engineers	10
parts	10
machines	10
relations	10
less	10
property	10
action	10
explicitly	10
associated	10
instead	10
much	10
keep	10
instructors	10
playground	10
net	10
logo	10
partitions	10
exit	10
sensitive	10
grub	10
ok	10
snapshot	10
usb	10
serial	10
phase	10
tab	10
owned	10
tensorflow	10
replace	10
mib	10
capacity	10
systemctl	10
startup	10
iptables	10
auto	10
snmp	10
leaders	9
february	9
december	9
recruiting	9
effects	9
random	9
physical	9
wang	9
method	9
fundamentals	9
artificial	9
technology	9
advanced	9
collection	9
taken	9
planning	9
cell	9
patterns	9
challenges	9
society	9
deep	9
gg	9
positive	9
conduct	9
mfa	9
purpose	9
day	9
units	9
fewer	9
participate	9
anteater	9
discover	9
pushing	9
committed	9
happening	9
signature	9
board	9
dbh	9
readable	9
stage	9
intensive	9
prerequisites	9
architectures	9
managing	9
mfc	9
papers	9
novel	9
march	9
served	9
instruction	9
engineeringlecture	9
statement	9
ongoing	9
symptoms	9
developed	9
launch	9
ld	9
objectslecture	9
instances	9
operation	9
particular	9
shows	9
names	9
white	9
linked	9
issue	9
maxim	9
graphs	9
turn	9
certain	9
determine	9
influence	9
automated	9
factors	9
give	9
bio	9
reach	9
ask	9
curriculum	9
internships	9
applicants	9
exposed	9
mechanisms	9
parallel	9
stacks	9
internship	9
apis	9
neural	9
iseb	9
minimum	9
upload	9
always	9
png	9
double	9
mac	9
samba	9
submission	9
compile	9
unable	9
private	9
dev	9
save	9
mpi	9
scancel	9
accounting	9
limits	9
pending	9
fatal	9
tb	9
gets	9
restart	9
manually	9
word	9
sci	9
postgres	9
uid	9
folder	9
tier	9
recommend	9
reimbursement	9
smb	9
appending	9
unsecured	9
enabling	9
pod	9
locked	9
ftp	9
av	9
chrome	9
cn	9
temporaryitems	9
iso	9
creates	8
august	8
associate	8
valid	8
come	8
experts	8
collaborations	8
updated	8
assignments	8
division	8
practices	8
probability	8
tbd	8
free	8
normal	8
extensions	8
zhaoxia	8
execution	8
detection	8
park	8
functional	8
contemporary	8
genome	8
interactions	8
closed	8
rw	8
scan	8
english	8
physics	8
built	8
decisions	8
value	8
schools	8
nation	8
facts	8
figures	8
paying	8
thrive	8
curiosity	8
pioneering	8
transforming	8
hpi	8
responsible	8
placements	8
innovate	8
collaborate	8
stimulate	8
vibrant	8
brochures	8
engaging	8
sponsoring	8
scholarships	8
partnering	8
endless	8
homecoming	8
advisory	8
council	8
gift	8
toolbar	8
decrease	8
grayscale	8
negative	8
underline	8
peer	8
hci	8
advisor	8
traceability	8
completed	8
held	8
earlier	8
place	8
rational	8
re	8
fault	8
month	8
never	8
later	8
cause	8
makes	8
integration	8
moving	8
enough	8
capabilities	8
operational	8
appears	8
attribute	8
unique	8
driver	8
art	8
four	8
described	8
useful	8
substantial	8
question	8
followed	8
days	8
yvette	8
cruz	8
quickly	8
black	8
bring	8
scheduling	8
outside	8
manual	8
consumption	8
attendance	8
submitting	8
sent	8
correct	8
stay	8
enrollment	8
points	8
shares	8
conversions	8
happens	8
disabled	8
pre	8
tags	8
td	8
activate	8
authorized	8
sbin	8
sprio	8
nodelist	8
cores	8
ram	8
odin	8
datalab	8
allocation	8
git	8
sec	8
ctrl	8
withassoc	8
playlist	8
snapshots	8
warranty	8
kb	8
proj	8
scipy	8
mkdir	8
sandbox	8
sha	8
scratch	8
apps	8
puppet	8
newer	8
tap	8
sd	8
adtr	8
introductory	7
abstract	7
stable	7
experiments	7
estimation	7
house	7
providing	7
accomplishments	7
toward	7
se	7
laboratory	7
algorithm	7
feb	7
dd	7
partitioning	7
selected	7
letters	7
cf	7
false	7
fast	7
equivalent	7
rate	7
worked	7
ba	7
strong	7
items	7
counselor	7
states	7
production	7
languages	7
evaluate	7
outstanding	7
things	7
smart	7
theoretical	7
popular	7
turned	7
conference	7
sites	7
thesis	7
force	7
january	7
mark	7
inheritance	7
relative	7
separation	7
leads	7
executable	7
minimal	7
meet	7
portion	7
expected	7
diagram	7
pile	7
car	7
optional	7
determined	7
latex	7
reliability	7
technique	7
specifications	7
contribute	7
confidences	7
believe	7
proper	7
purposes	7
constructed	7
modeled	7
improved	7
describe	7
thoughts	7
rich	7
especially	7
seek	7
administrator	7
modern	7
allowed	7
helpful	7
category	7
reply	7
centered	7
trees	7
queues	7
hash	7
vulnerabilities	7
experiences	7
response	7
official	7
post	7
professionally	7
small	7
everything	7
entire	7
assistance	7
headline	7
blocks	7
plugins	7
blank	7
pagename	7
quick	7
displayed	7
extended	7
typed	7
awk	7
bf	7
might	7
src	7
namespace	7
passphrase	7
prevent	7
sleepy	7
requeue	7
invalid	7
nodename	7
passthrough	7
pty	7
gold	7
daemon	7
located	7
max	7
comma	7
sgroup	7
myjob	7
verify	7
maxjobspu	7
maxjobspa	7
rockford	7
result	7
cli	7
cuda	7
macos	7
debug	7
relay	7
adv	7
soc	7
jupyterlab	7
locally	7
dir	7
verse	7
ac	7
fc	7
rocky	7
disk	7
prompts	7
jhub	7
entry	7
ban	7
tcp	7
ryan	7
oversight	7
sr	7
icsdb	7
cod	7
luid	7
global	6
collaboration	6
fifth	6
grow	6
biostatistics	6
component	6
york	6
interdisciplinary	6
enrolled	6
forms	6
selection	6
upper	6
intelligence	6
embedded	6
schedule	6
gdim	6
game	6
winter	6
fields	6
distribution	6
brigitte	6
baldi	6
teaches	6
analyze	6
context	6
interests	6
materials	6
en	6
xu	6
zhang	6
nature	6
theories	6
genetic	6
family	6
material	6
improves	6
associations	6
missing	6
november	6
parent	6
ta	6
nd	6
person	6
individual	6
phd	6
calculus	6
wish	6
third	6
genomics	6
probabilistic	6
higher	6
far	6
generally	6
strategies	6
overall	6
functionality	6
interfaces	6
map	6
mazmanian	6
electronic	6
availability	6
opportunity	6
supervised	6
processing	6
position	6
debra	6
richardson	6
anticipation	6
explicit	6
particularly	6
addition	6
instruments	6
wesley	6
late	6
tool	6
proficiency	6
fixing	6
brooks	6
edition	6
statements	6
begin	6
criteria	6
times	6
ad	6
around	6
activity	6
aspect	6
received	6
reminder	6
away	6
changed	6
affected	6
argument	6
completely	6
dependability	6
brief	6
though	6
presenting	6
notions	6
navigate	6
achieve	6
assessment	6
monitor	6
chair	6
adriana	6
avina	6
applying	6
delivering	6
bachelor	6
combinatorial	6
mocking	6
mutation	6
decomposed	6
composition	6
procedural	6
handling	6
terminology	6
deploy	6
generation	6
acquired	6
heaps	6
compliance	6
layout	6
threads	6
runtime	6
admission	6
gre	6
wrong	6
excellence	6
placement	6
fulfilling	6
believes	6
complement	6
founded	6
disciplinary	6
talented	6
hesitate	6
exchange	6
width	6
xxxxxxxxxxxx	6
true	6
tag	6
inline	6
parameters	6
containers	6
eligibility	6
workspace	6
bind	6
strigger	6
reporting	6
drain	6
opteron	6
release	6
attach	6
cancel	6
ntasks	6
myoutput	6
assign	6
scripts	6
venv	6
pip	6
qstat	6
arg	6
total	6
grpcpus	6
cgroup	6
perf	6
feature	6
engr	6
rsch	6
stu	6
anlys	6
gunicorn	6
fakeroot	6
unprivileged	6
lolcow	6
vers	6
esu	6
cabinet	6
audit	6
instantiation	6
failing	6
conda	6
operationalerror	6
panel	6
aca	6
nessusagent	6
xagt	6
twofactorauthentication	6
exports	6
ou	6
scr	6
snmpget	6
sd's	6
xc	6
lw	6
pediatric	5
personalized	5
bigger	5
assistant	5
causal	5
dual	5
robust	5
analyzing	5
framework	5
talk	5
emphasizes	5
promoting	5
logic	5
foundation	5
pursue	5
degrees	5
regularly	5
bioinformatics	5
entering	5
cycle	5
mine	5
dogucu	5
square	5
credit	5
armstrong	5
sample	5
shen	5
prior	5
covering	5
variables	5
presentation	5
xue	5
functions	5
speed	5
revision	5
genetics	5
io	5
mm	5
medicine	5
su	5
drives	5
incorporating	5
parents	5
index	5
benefits	5
identified	5
educational	5
suitable	5
specialized	5
kind	5
store	5
medical	5
big	5
managers	5
focusing	5
style	5
co	5
construct	5
catalogue	5
representations	5
methodologies	5
walk	5
documents	5
lopes	5
exercises	5
shared	5
melissa	5
aimed	5
icse	5
unified	5
member	5
play	5
booch	5
defining	5
universal	5
int	5
waterfall	5
faking	5
silver	5
fake	5
enhance	5
plan	5
inherent	5
applicable	5
engineer	5
bad	5
sufficient	5
exists	5
maintain	5
requested	5
programmers	5
planned	5
dedicated	5
shutdown	5
appliance	5
player	5
unpredictable	5
mechanics	5
leaf	5
loop	5
else	5
balance	5
color	5
conceptual	5
thing	5
publishing	5
reading	5
tr	5
perspective	5
six	5
finally	5
corollary	5
interpretation	5
dependencies	5
prototype	5
applet	5
accepted	5
validated	5
collections	5
despite	5
outcome	5
explain	5
attempts	5
evidence	5
alternate	5
excellent	5
director	5
ensuring	5
coming	5
exactly	5
fine	5
perspectives	5
portfolio	5
mandatory	5
meetings	5
tackle	5
whose	5
anto	5
diane	5
flamm	5
rina	5
chamkrachang	5
transcripts	5
speak	5
msse	5
gone	5
mailing	5
infrastructure	5
performing	5
visitors	5
deployment	5
moved	5
stephanie	5
corner	5
clicking	5
sharepoint	5
interwiki	5
rss	5
really	5
base	5
de	5
alignment	5
quotes	5
amount	5
displays	5
icon	5
alt	5
refresh	5
period	5
supply	5
securely	5
sshd	5
pub	5
ran	5
shortcuts	5
stress	5
api	5
salloc	5
sshare	5
controller	5
conflict	5
clusters	5
quickstart	5
lock	5
rtx	5
repository	5
slurmd	5
obtain	5
trigger	5
baldig	5
passed	5
smi	5
rm	5
qsub	5
priorityweightqos	5
maxsubmit	5
maxtrespu	5
maxtres	5
maxtrespernode	5
oom	5
easy	5
kill	5
clustername	5
pci	5
checked	5
registered	5
locate	5
prompted	5
temporarily	5
des	5
comp	5
music	5
uni	5
exec	5
scp	5
phpapache	5
copying	5
desk	5
air	5
kfs	5
switchport	5
vagrant	5
designated	5
kubernetes	5
attached	5
philosophy	5
julia	5
switch	5
restarting	5
flag	5
user's	5
disable	5
kubectl	5
android	5
ssl	5
nessuscli	5
hx	5
sparse	5
hawk	5
kohlerr	5
ldif	5
stripeset	5
hardstatus	5
inaugural	4
symposium	4
medtech	4
hackathon	4
seventh	4
forges	4
choc	4
rady	4
children	4
dehydration	4
spotlight	4
anthony	4
cusimano	4
parses	4
placing	4
greater	4
designs	4
zhu	4
collaborative	4
offer	4
minor	4
listings	4
considered	4
revised	4
networked	4
distributions	4
logistic	4
mixed	4
specification	4
checking	4
cover	4
cncm	4
du	4
li	4
subject	4
tc	4
holmes	4
enhanced	4
th	4
liu	4
feng	4
ombao	4
neuroscience	4
beyond	4
arxiv	4
paul	4
demetriou	4
brain	4
connectivity	4
genotype	4
schaid	4
quantitative	4
measures	4
parameterization	4
freedom	4
upon	4
ratio	4
cpp	4
preferred	4
tutor	4
college	4
sessions	4
ms	4
iii	4
foundational	4
combining	4
interest	4
company	4
reviewed	4
databases	4
beginning	4
likely	4
economics	4
changing	4
james	4
jones	4
joshua	4
garcia	4
fundamental	4
van	4
der	4
hoek	4
recovery	4
mohammad	4
moshirpour	4
familiar	4
marie	4
observation	4
analytics	4
effective	4
indexing	4
clustering	4
cristina	4
discussed	4
governance	4
computers	4
impacts	4
learned	4
young	4
records	4
safety	4
consumer	4
covers	4
equips	4
researcher	4
nt	4
soon	4
offering	4
week	4
constructing	4
original	4
column	4
effort	4
soccer	4
ole	4
central	4
leon	4
osterweil	4
frederick	4
parnas	4
transactions	4
ease	4
expensive	4
inevitable	4
natural	4
enables	4
separated	4
desired	4
reqts	4
front	4
formal	4
subsequent	4
focuses	4
introduced	4
visible	4
carried	4
targets	4
little	4
expand	4
writes	4
notations	4
meets	4
match	4
electronics	4
humans	4
fully	4
past	4
uncertain	4
hiding	4
creation	4
counter	4
empty	4
split	4
subtree	4
entities	4
mix	4
return	4
acct	4
generate	4
employee	4
plus	4
conditions	4
buildings	4
boe	4
bro	4
reliable	4
ls	4
reasoning	4
pea	4
san	4
ste	4
follows	4
five	4
describes	4
everyday	4
demonstrated	4
thus	4
volumes	4
moreover	4
surprisingly	4
consistent	4
mind	4
claim	4
reasons	4
choice	4
say	4
ultimately	4
focused	4
fsm	4
resulting	4
questionnaire	4
asked	4
failures	4
unexpected	4
extensive	4
exception	4
situation	4
ideally	4
interrelated	4
augmented	4
guidance	4
mentioned	4
relationship	4
exceeded	4
subjective	4
variable	4
placed	4
answer	4
begins	4
stating	4
wait	4
sometimes	4
think	4
certified	4
contexts	4
ideal	4
integrity	4
thank	4
choosing	4
forward	4
larger	4
transition	4
ready	4
subscribe	4
globally	4
spoken	4
publish	4
weekly	4
storing	4
graphical	4
protocols	4
continuing	4
dean	4
domestic	4
eligible	4
moment	4
profile	4
avoid	4
perform	4
advance	4
drop	4
workforce	4
deeper	4
broader	4
managerial	4
hallway	4
conversation	4
corporations	4
touch	4
vice	4
doesn	4
today	4
prepares	4
suite	4
centralized	4
bottom	4
chart	4
footnotes	4
downloadable	4
feed	4
sub	4
whitespace	4
splitbrain	4
characters	4
wikis	4
direct	4
firefox	4
whole	4
optionally	4
resize	4
height	4
convert	4
colspan	4
cells	4
align	4
red	4
img	4
guid	4
executed	4
andreas	4
gohr	4
mounting	4
sshfs	4
nfsv	4
automatic	4
requesting	4
restriction	4
pwd	4
tell	4
idle	4
immediately	4
messages	4
cgroups	4
initadd	4
hints	4
scheduler	4
korn	4
processor	4
finished	4
paste	4
equal	4
hh	4
inserts	4
myerrors	4
sleep	4
chmod	4
allocate	4
downloading	4
py	4
tunnel	4
mps	4
bandwidth	4
avail	4
gcc	4
ugrad	4
inst	4
assoc	4
proc	4
exp	4
nice	4
guest	4
grpjobs	4
grpnodes	4
grpmem	4
grpsubmit	4
grpwall	4
maxnodes	4
restrict	4
syslog	4
says	4
mar	4
xxx	4
label	4
unknown	4
ids	4
vfio	4
half	4
stored	4
opening	4
powered	4
entered	4
daily	4
tips	4
permission	4
head	4
analys	4
algor	4
uppp	4
cmptng	4
concert	4
choir	4
fe	4
engrcee	4
rocker	4
filesystems	4
mappings	4
hansiskewl	4
dirs	4
kib	4
harbor	4
texera	4
denied	4
folders	4
unnecessary	4
purchased	4
cabinets	4
fit	4
frames	4
trusted	4
airflow	4
hot	4
cold	4
ipv	4
cables	4
replacement	4
quote	4
fiber	4
netapp	4
disks	4
firewalls	4
shells	4
broken	4
workstation	4
feel	4
db	4
figure	4
maybe	4
caused	4
sqlite	4
oit's	4
prompting	4
screensaver	4
dingruiz	4
killing	4
cert	4
saturday	4
sunday	4
firewalld	4
approved	4
bakonis	4
secondary	4
sendenv	4
outages	4
begun	4
ended	4
tickets	4
ups	4
bodleian	4
onedrivefilesystem	4
kasey	4
bossock	4
tuf	4
ie	4
channel	4
pssc	4
nsas	4
rsync	4
dm	4
coby	4
mnt	4
firmware	4
nvram	4
nis	4
sssh	4
kg	4
sdc	4
predictive	3
recommendations	3
identifying	3
covariates	3
adaptive	3
rigorous	3
findings	3
principal	3
zhou	3
transitions	3
challenge	3
nonparametric	3
density	3
consists	3
leader	3
guaranteed	3
chairs	3
educ	3
freshman	3
volodymyr	3
minin	3
biological	3
lee	3
biology	3
variance	3
samples	3
performed	3
cai	3
slides	3
zip	3
taught	3
ap	3
sf	3
grieco	3
calcium	3
au	3
behavioral	3
communications	3
wu	3
journal	3
pluta	3
gillen	3
newton	3
bl	3
articles	3
american	3
evolution	3
epidemiology	3
genes	3
pathway	3
bmc	3
accuracy	3
feasible	3
efficient	3
statistically	3
manuscript	3
comments	3
elementary	3
sean	3
employed	3
prep	3
slider	3
mathematical	3
solve	3
sports	3
gpa	3
basis	3
ucounsel	3
government	3
national	3
specialize	3
ensures	3
function	3
editing	3
jing	3
digital	3
aims	3
systematic	3
emily	3
navarro	3
correctness	3
iftekhar	3
ahmed	3
teamwork	3
announced	3
internals	3
standing	3
stacy	3
branham	3
anne	3
piper	3
inform	3
alberto	3
martins	3
organizational	3
min	3
trust	3
ethics	3
culture	3
roderic	3
nicholaus	3
crooks	3
communicate	3
adapt	3
grading	3
bietz	3
chapters	3
enclose	3
icsm	3
principle	3
fact	3
roadmap	3
editor	3
implemented	3
favorite	3
zone	3
seeking	3
mining	3
agents	3
rumbaugh	3
proficient	3
hypermedia	3
fullerton	3
objectautomation	3
published	3
coherent	3
awarded	3
israel	3
july	3
intersection	3
pp	3
hawaii	3
ren	3
presence	3
bullet	3
man	3
unused	3
lifetime	3
understood	3
reflect	3
poor	3
easily	3
budget	3
organized	3
endeavor	3
observations	3
combined	3
disciplined	3
increased	3
led	3
loss	3
seconds	3
differences	3
speaks	3
attachments	3
concept	3
lives	3
zero	3
invoked	3
leaves	3
lessons	3
seen	3
corruption	3
logical	3
generic	3
represented	3
entity	3
preserved	3
actions	3
stalled	3
overdrawn	3
peyman	3
listening	3
battery	3
tangible	3
terms	3
directed	3
translator	3
nikos	3
drakos	3
leeds	3
arguments	3
tex	3
translation	3
initiated	3
boo	3
benjamin	3
acm	3
par	3
morgan	3
kaufmann	3
stefik	3
sz	3
zo	3
historical	3
applicability	3
seven	3
domains	3
abundance	3
suggest	3
identification	3
suggested	3
man's	3
ubiquitous	3
mean	3
thereby	3
metaphor	3
fraught	3
significantly	3
investigated	3
established	3
took	3
significance	3
inevitably	3
along	3
phenomena	3
defect	3
risks	3
pervasiveness	3
involvement	3
remedy	3
urging	3
desiderata	3
impossible	3
expect	3
intend	3
monitored	3
whenever	3
scenario	3
expanding	3
reported	3
failure	3
convenient	3
applets	3
difference	3
involving	3
busy	3
pretty	3
funny	3
bit	3
powerful	3
cv	3
masters	3
doctoral	3
msi	3
words	3
demand	3
tailored	3
roles	3
goals	3
stack	3
party	3
tuning	3
unsupervised	3
classification	3
nearest	3
neighbors	3
forests	3
vector	3
bear	3
emphasizing	3
portfolios	3
requisite	3
budgeting	3
presentations	3
individually	3
detecting	3
assessing	3
semi	3
amongst	3
pragmatic	3
architectural	3
scalability	3
latency	3
caching	3
advisement	3
gradient	3
descent	3
backpropagation	3
retrieving	3
textual	3
tokenization	3
inverted	3
indexes	3
tf	3
idf	3
ranked	3
precision	3
recall	3
emulators	3
locks	3
race	3
deadlocks	3
reliance	3
relational	3
query	3
nosql	3
sockets	3
sorting	3
searching	3
algorithmic	3
sam	3
malek	3
andre	3
arrays	3
ones	3
highly	3
circumstances	3
encountered	3
enroll	3
dates	3
consideration	3
recommendation	3
direction	3
quarters	3
reliably	3
impactful	3
advice	3
maintaining	3
successfully	3
arts	3
guides	3
serves	3
scalable	3
attempt	3
accessing	3
ranges	3
resetting	3
highlighting	3
embedding	3
atom	3
macros	3
deleted	3
backslashes	3
brackets	3
linking	3
nonexisting	3
unordered	3
strings	3
smileys	3
commonly	3
exceptions	3
vertically	3
spans	3
anything	3
ends	3
nowiki	3
actionscript	3
perl	3
rails	3
element	3
parameter	3
maximum	3
defaults	3
macro	3
groupleader	3
reference	3
append	3
keygen	3
generates	3
rsa	3
import	3
socket	3
compilation	3
sbcast	3
sdiag	3
sreport	3
sstat	3
sview	3
cancelled	3
hybrid	3
unresponsive	3
loaded	3
tutorials	3
bayonet	3
diagnostic	3
stdout	3
stderr	3
delimited	3
clone	3
trapezoid	3
openmpi	3
arrayjob	3
pass	3
named	3
localhost	3
allocmem	3
plaintext	3
defaultaccount	3
hung	3
calculated	3
maxtresperuser	3
maxjob	3
usagethresh	3
goes	3
hand	3
grptresmins	3
grpcpumins	3
fails	3
requirement	3
reached	3
maxed	3
compiled	3
cmdline	3
killer	3
killed	3
detected	3
handled	3
spool	3
deadline	3
vgpu	3
allowing	3
previously	3
playlists	3
raspberry	3
kit	3
lt	3
room	3
yii	3
administrators	3
geolocation	3
requiring	3
canvas	3
icloud	3
detect	3
sharing	3
pol	3
brand	3
ecps	3
cmptr	3
intract	3
physio	3
immunol	3
cee	3
cw	3
resolu	3
commun	3
drivers	3
singularityimages	3
kernel	3
apparmor	3
godlovedc	3
switches	3
opened	3
gunicron	3
rp	3
cp	3
leave	3
symbol	3
backgound	3
blob	3
ab	3
dfc	3
destination	3
unpack	3
layer	3
institutions	3
utilization	3
notifications	3
eol	3
crah	3
portable	3
notice	3
oob	3
aisle	3
assembled	3
approve	3
inches	3
comes	3
redundant	3
cooled	3
poweralert	3
rhel	3
virtualbox	3
configurations	3
tape	3
lshw	3
everyone	3
sends	3
ahead	3
resolve	3
permanent	3
lot	3
ownership	3
nodejs	3
prefix	3
invocations	3
tried	3
accomplish	3
valgrind	3
recorded	3
triage	3
forbidden	3
prevents	3
xsrf	3
sqlalchemy	3
exc	3
launcher	3
pgsql	3
myenv	3
middle	3
dear	3
goto	3
pam	3
occurs	3
pvc	3
cybersecurity	3
target	3
issued	3
clean	3
risksupplierrev	3
purchasing	3
pilot	3
rbakonis	3
threat	3
leaving	3
identifier	3
physically	3
ethernet	3
json	3
outbound	3
fixlet	3
bastion	3
emp	3
removing	3
webauth	3
aborted	3
timed	3
blade	3
sensoria	3
dknet	3
gives	3
fulfillment	3
handoff	3
browse	3
regular	3
trail	3
salesforce	3
naming	3
pools	3
dwb	3
drb	3
slow	3
showing	3
df	3
diagnostics	3
shelves	3
wfs	3
rename	3
probably	3
treowe	3
squash	3
dn	3
objectclass	3
migration	3
migrate	3
webpage	3
vv	3
mountdirectory	3
vishalrp	3
sendmail	3
severe	3
utc	3
yp	3
gsu	3
keytool	3
detaching	3
terminals	3
screenrc	3
detached	3
xr	3
kw	3
ky	3
modelling	2
treatment	2
ucla	2
lack	2
hilbert	2
michael	2
hill	2
validity	2
reinforcement	2
dynamics	2
exhibit	2
tensor	2
propose	2
sampling	2
empirical	2
methodology	2
lifelong	2
vision	2
employment	2
healthcare	2
tentative	2
neither	2
offerings	2
filters	2
cse	2
ece	2
netsys	2
biomedical	2
cleaning	2
exploratory	2
proportions	2
chi	2
correlation	2
ellen	2
kucera	2
berrocal	2
collect	2
experimental	2
molecular	2
environmental	2
producing	2
optimization	2
presented	2
surveys	2
covered	2
poisson	2
estimating	2
analyses	2
interval	2
hypotheses	2
multivariate	2
lectures	2
sharad	2
mehrotra	2
club	2
scholar	2
johnston	2
ulv	2
qiao	2
delivery	2
ketamine	2
cortical	2
guindani	2
tran	2
responses	2
sheng	2
ye	2
dong	2
cognitive	2
uncovering	2
executive	2
dating	2
ridge	2
supplemental	2
lur	2
deconvolve	2
preprint	2
measurement	2
brandt	2
sy	2
pawling	2
zimmermann	2
dennis	2
acetylglucosamine	2
zheng	2
restore	2
yang	2
mapping	2
older	2
moyzis	2
rk	2
greenberger	2
interacts	2
receptor	2
polymorphism	2
reveal	2
polymorphisms	2
linkage	2
disequilibrium	2
simultaneous	2
haplotype	2
levine	2
hanley	2
nitao	2
conducts	2
computationally	2
flexible	2
dominant	2
recessive	2
obtained	2
slightly	2
modifying	2
asymptotically	2
likelihood	2
tutors	2
pay	2
negotiable	2
ed	2
undergrad	2
qualifications	2
cal	2
yrs	2
poetry	2
pomona	2
ds	2
mentor	2
utilize	2
udsa	2
engines	2
amazon	2
understand	2
recognize	2
combinations	2
grade	2
admitted	2
ibm	2
lead	2
shortage	2
analysts	2
scientists	2
goal	2
train	2
partial	2
arka	2
saha	2
nan	2
chancellor's	2
examination	2
raymond	2
klefstad	2
nathaniel	2
careful	2
adriaan	2
reuse	2
procedure	2
presents	2
guidelines	2
daniel	2
epstein	2
prototyping	2
shrirang	2
jambhekar	2
classifying	2
multimedia	2
productivity	2
stakeholders	2
examines	2
consequences	2
justice	2
undertake	2
organize	2
patient	2
implementations	2
consumers	2
prerequisite	2
corequisite	2
matthew	2
darren	2
denenberg	2
fax	2
conclusion	2
ivan	2
arcadia	2
adobe	2
workshop	2
conjunction	2
postscript	2
confirmation	2
draft	2
automation	2
orientation	2
javabayes	2
rollerhockey	2
sport	2
objective	2
rose	2
omt	2
trained	2
mentoring	2
specializing	2
participated	2
programmer	2
facility	2
ide	2
proposed	2
inc	2
phoenix	2
italy	2
adjacent	2
springer	2
verlag	2
yosemite	2
dani	2
steinberg	2
jr	2
kloesch	2
book	2
essence	2
accidents	2
clements	2
contraction	2
proceedings	2
mythical	2
anniversary	2
carlo	2
stephen	2
dominated	2
rapidly	2
manner	2
defects	2
constant	2
entirely	2
permeates	2
descriptions	2
depends	2
views	2
analyzed	2
responsibility	2
describing	2
incorporate	2
spec	2
harness	2
coding	2
constraints	2
continually	2
malleable	2
behind	2
law	2
intangible	2
causes	2
primarily	2
essentially	2
delivered	2
scientific	2
appliances	2
audio	2
corresponds	2
earth	2
affiliation	2
existence	2
semantics	2
destroyed	2
captures	2
template	2
populate	2
increment	2
throw	2
bug	2
easier	2
notion	2
protects	2
playing	2
rewind	2
deposit	2
withdraw	2
depend	2
viewpoint	2
salary	2
identical	2
determines	2
responding	2
breakdown	2
talking	2
hungry	2
tired	2
typing	2
normally	2
exhibits	2
informally	2
oreizy	2
barry	2
boehm	2
cummings	2
gem	2
gemmer	2
hmw	2
iee	2
produce	2
lit	2
bev	2
littlewood	2
measure	2
nea	2
richard	2
pearl	2
francisco	2
twenty	2
zrk	2
thirty	2
detail	2
phases	2
scope	2
hope	2
solid	2
succinctly	2
relevance	2
anchored	2
annotated	2
conducting	2
substantiate	2
confined	2
arrive	2
hinders	2
constitute	2
intricate	2
lived	2
contain	2
lines	2
releases	2
subtle	2
impediments	2
respect	2
viewed	2
inter	2
suffices	2
formally	2
contend	2
efficacy	2
necessarily	2
summarized	2
scheme	2
causality	2
compared	2
separate	2
sequences	2
collected	2
evaluated	2
produced	2
experienced	2
affect	2
similarly	2
identifies	2
notable	2
accurate	2
possibly	2
plays	2
decide	2
priorities	2
treated	2
briefly	2
provision	2
pitfalls	2
meaningful	2
comparison	2
thresholds	2
becomes	2
ui	2
doors	2
ignored	2
beliefs	2
beneficial	2
observed	2
webs	2
revealed	2
subjects	2
posit	2
isomorphic	2
refined	2
studied	2
fluctuation	2
showed	2
improvement	2
hypothesized	2
achieved	2
stuff	2
meantime	2
fan	2
chance	2
jim	2
watch	2
movies	2
merage	2
joint	2
creative	2
ethnographic	2
numerous	2
ichair	2
mhcid	2
prospective	2
excited	2
award	2
fellows	2
scholars	2
changers	2
unlock	2
actively	2
sum	2
interview	2
preparation	2
stands	2
valuable	2
changer	2
krone	2
algol	2
jaclyn	2
kung	2
lennox	2
antop	2
dflamm	2
rchamkra	2
deadlines	2
fee	2
waivers	2
contributed	2
informational	2
unofficial	2
uploaded	2
score	2
chances	2
institution	2
strengths	2
comment	2
character	2
professors	2
answers	2
transfer	2
quantifiable	2
bridges	2
heavily	2
dependable	2
considering	2
pursuing	2
mentors	2
augment	2
practicalities	2
culminating	2
defend	2
summarizing	2
laboratories	2
prestigious	2
insights	2
emerges	2
visualizations	2
transform	2
dramatic	2
incarnations	2
idea	2
actually	2
deployed	2
customized	2
trivial	2
infrastructures	2
guaranteeing	2
classic	2
innovations	2
experiment	2
attend	2
naturally	2
venues	2
entrepreneurs	2
businesses	2
steady	2
stream	2
demo	2
soft	2
excel	2
booming	2
humanities	2
benefit	2
exposing	2
engineered	2
taste	2
interviews	2
graduation	2
mimic	2
firsthand	2
mature	2
practiced	2
atavina	2
coordinator	2
stephw	2
administrative	2
relating	2
monday	2
friday	2
excluding	2
holidays	2
chatbot	2
integrate	2
announcements	2
sectioning	2
quoting	2
aggregation	2
markup	2
pressing	2
simpler	2
bold	2
italic	2
underlined	2
monospaced	2
texts	2
combine	2
subscript	2
superscript	2
sup	2
del	2
linebreaks	2
automagically	2
andi	2
lowercase	2
colon	2
hint	2
wikipedia's	2
sense	2
intranet	2
browsing	2
explorer	2
mozilla	2
workaround	2
javascript	2
resizing	2
urls	2
parentheses	2
footnote	2
headlines	2
notoc	2
curly	2
resized	2
gif	2
whitespaces	2
browsers	2
indention	2
conversion	2
typography	2
pattern	2
lets	2
pipe	2
rows	2
vertical	2
opposite	2
signs	2
nothing	2
smiley	2
indented	2
preformatted	2
quoted	2
highlight	2
geshi	2
highlighted	2
helloworldapp	2
void	2
css	2
div	2
dot	2
gdb	2
inno	2
modula	2
ocaml	2
oracle	2
vim	2
yaml	2
specifying	2
myexample	2
raw	2
uppercase	2
border	2
px	2
feeds	2
simplepie	2
formats	2
author	2
cached	2
tells	2
wanted	2
call	2
htmlok	2
gallery	2
capability	2
wrap	2
preset	2
confirmed	2
sponsored	2
contigent	2
onboarding	2
visitor	2
reserve	2
hence	2
pane	2
refer	2
daemons	2
fun	2
threaded	2
equivalences	2
alter	2
equivalencies	2
checkpointing	2
queueing	2
requeued	2
mismatch	2
slurmd's	2
paramteres	2
smt	2
depending	2
additionally	2
rc	2
permanently	2
consumable	2
capable	2
blazar	2
neuromancer	2
biodatascience	2
lucy	2
drg	2
dizzy	2
pedigree	2
exclusively	2
olivia	2
benson	2
broadchurch	2
mariadb	2
job's	2
grab	2
kewl	2
seq	2
mpirun	2
exits	2
assignment	2
dutran	2
incognito	2
shut	2
serverapp	2
schedmd	2
statecompact	2
freemem	2
cpusstate	2
cpusload	2
gresused	2
oversubscribe	2
virtualenv	2
pyslurmenv	2
cython	2
transmitted	2
alloccpus	2
reqtres	2
jobname	2
workdir	2
lots	2
specifies	2
pyexec	2
ace	2
terminates	2
cwd	2
chdir	2
adjusted	2
calculating	2
grptres	2
rawshares	2
normshares	2
rawusage	2
normusage	2
effectvusage	2
levelfs	2
tresrunmins	2
ops	2
wc	2
lights	2
logins	2
released	2
avaialble	2
indicated	2
foreach	2
xargs	2
saw	2
tmpfs	2
hierarchy	2
leak	2
pressure	2
chunk	2
reflects	2
rpc	2
statesavelocation	2
override	2
dependency	2
unlimited	2
licenses	2
distrib	2
turds	2
egrep	2
card	2
lspci	2
iommu	2
grouped	2
kvm	2
got	2
proceed	2
virt	2
rebooting	2
act	2
played	2
subdirectories	2
containing	2
duration	2
starter	2
heat	2
hdmi	2
cable	2
ft	2
flash	2
computername	2
firstname	2
pc	2
floor	2
exams	2
registrar	2
authenticate	2
student's	2
midnight	2
integrates	2
meeting	2
organizers	2
incorrect	2
bar	2
instructor's	2
checkins	2
immunology	2
organic	2
cogs	2
child	2
lrning	2
horror	2
gaming	2
algebra	2
philos	2
contemp	2
moral	2
prblm	2
marketing	2
mgmtmba	2
glbl	2
cnsumr	2
insight	2
globalmetropolis	2
iot	2
electrcl	2
prog	2
mkting	2
phrmsci	2
econ	2
mdrn	2
bus	2
rebuilding	2
stopping	2
escalation	2
subuid	2
subgid	2
specializations	2
userns	2
boot	2
nv	2
pgdata	2
serve	2
biaslab	2
catalina	2
jaspic	2
providers	2
xsd	2
dockerfile	2
srv	2
remain	2
logout	2
invoking	2
converting	2
numbed	2
substitute	2
arcus	2
signatures	2
bebd	2
accf	2
fffd	2
ae	2
bc	2
cde	2
fdec	2
ce	2
hyc	2
kiwi	2
ee	2
fa	2
happened	2
effectively	2
evolving	2
closely	2
microsoft's	2
checklist	2
vital	2
racks	2
expansion	2
manages	2
approximately	2
ordering	2
band	2
ipmi	2
administration	2
tpm	2
encrypting	2
side	2
compatibility	2
length	2
chassis	2
rj	2
raid	2
hvac	2
applies	2
homepage	2
assets	2
asset	2
scroll	2
ton	2
motors	2
replaced	2
facilities	2
replacing	2
matrix	2
glossary	2
backed	2
dr	2
installs	2
repositories	2
caveats	2
maintained	2
reasonably	2
fuse	2
pxe	2
compiling	2
ldconfig	2
sudoer	2
mess	2
boilerplatestemplate	2
incomplete	2
privileged	2
delegation	2
ephemeral	2
interfere	2
grafana	2
icinga	2
alerts	2
studio	2
anaconda	2
librarypath	2
searched	2
dmesg	2
potential	2
invoke	2
wget	2
initializing	2
transferring	2
certficate	2
notebooks	2
persistent	2
standardized	2
netstat	2
tcpdump	2
tokens	2
smartphone	2
shift	2
pg	2
uploads	2
ipykernel	2
tile	2
libpaths	2
xfce	2
experiencing	2
sftp	2
silently	2
housing	2
ssh'ing	2
duosupportdesk	2
htm	2
encounter	2
deleting	2
saver	2
vsx	2
restored	2
centaurus	2
helm	2
reinstalling	2
reviewnb	2
gitplus	2
thread	2
posted	2
schedules	2
testbed	2
blue	2
ucop	2
quarterly	2
exhaustive	2
unsupported	2
patches	2
classifications	2
unless	2
titles	2
suspicious	2
servername	2
builtin	2
rootkithunter	2
postfix	2
bans	2
malicious	2
rootkit	2
rkhunter	2
protocol	2
openssl	2
digitalocean	2
rules	2
dport	2
relinking	2
scanner	2
deb	2
arch	2
jammy	2
repos	2
baseurl	2
gpgcheck	2
enablerepo	2
bd	2
fb	2
eab	2
eeac	2
da	2
defaa	2
reviewers	2
responsibilities	2
securityreviews	2
sending	2
inventory	2
approving	2
claude	2
pnimsomb	2
activated	2
sophos	2
licensing	2
expired	2
mechanism	2
antivirus	2
installer	2
issuing	2
webfiles	2
xagtsetup	2
wizard	2
screenshot	2
prefixes	2
putty	2
unenrolled	2
lockout	2
digit	2
registration	2
lose	2
dots	2
tower	2
cogen	2
listed	2
aware	2
customers	2
arcala	2
gravity	2
vipada	2
pure	2
nerve	2
generator	2
widespread	2
autoclave	2
closing	2
rcic	2
resolution	2
recovered	2
encrypted	2
outline	2
iv	2
initiation	2
replaces	2
drafts	2
bottlenecks	2
reminders	2
pipeline	2
waiting	2
supplicant	2
needing	2
approvers	2
transparency	2
guesswork	2
approvals	2
secured	2
sensible	2
requestor	2
happen	2
reimbursements	2
gp	2
hdd	2
proividing	2
schemes	2
migrator	2
properly	2
apc	2
va	2
bluearch	2
worklog	2
maintanence	2
certificateexception	2
untrusted	2
certificate	2
chain	2
truenorth	2
mercury	2
sekw	2
berrylium	2
pir	2
siconsole	2
wil	2
entries	2
stgpool	2
filer	2
william	2
hartnell	2
vn	2
evs	2
data's	2
changetype	2
fsas	2
nismapentry	2
autosave	2
osx	2
contained	2
homes	2
vlan	2
mtu	2
lacp	2
eaglecrest	2
mibs	2
dovecot	2
pl	2
stripset	2
modulating	2
connstats	2
sort	2
fibers	2
wfspoller	2
vnode	2
encroachment	2
angel	2
vampiresmu	2
nvpages	2
ypmatch	2
passwd	2
byname	2
crontab	2
hourly	2
sak	2
tabs	2
scrollback	2
bashrc	2
alias	2
emacs	2
mk	2
advancing	1
introducing	1
informal	1
anna	1
fergusson	1
auckland	1
effect	1
modifiers	1
falco	1
bargagli	1
stoffi	1
risking	1
spurious	1
valued	1
kosorok	1
north	1
carolina	1
chapel	1
speaker	1
separable	1
dependence	1
wen	1
workhorse	1
randomized	1
trials	1
relies	1
optimal	1
phibe	1
yuhua	1
rl	1
smooth	1
dimensions	1
trains	1
daren	1
ucsd	1
algebraic	1
smoothing	1
continued	1
grown	1
discrete	1
electives	1
virtually	1
graphics	1
graduates	1
sectors	1
entertainment	1
transfers	1
communicating	1
reproducible	1
inferential	1
intervals	1
permits	1
veronica	1
observational	1
cellular	1
evolutionary	1
ecology	1
simulation	1
wenzhuo	1
weining	1
categorical	1
contingency	1
loglinear	1
ana	1
kenney	1
longitudinal	1
cohort	1
survival	1
censored	1
generalized	1
equations	1
openbugs	1
axiomatic	1
expectation	1
wanrong	1
tianchen	1
qian	1
hengrui	1
reduction	1
discriminant	1
jan	1
aug	1
citations	1
byf	1
ysaaaaj	1
hl	1
clustered	1
omics	1
intranasal	1
induces	1
disinhibition	1
eneuro	1
molloi	1
ar	1
polivka	1
zhao	1
redmond	1
itkin	1
antunes	1
ct	1
lymphangiography	1
quantify	1
thoracic	1
duct	1
lymphatic	1
flow	1
radiology	1
d'angelo	1
canale	1
spikes	1
noisy	1
biometrics	1
foden	1
aj	1
sj	1
nguyen	1
jc	1
md	1
olga	1
jaime	1
mosquito	1
cryptochromes	1
expressed	1
drosophila	1
confer	1
species	1
neurogenetic	1
handsome	1
rugged	1
ovulatory	1
shifts	1
womens	1
preferences	1
masculinity	1
men	1
gauran	1
penalization	1
dimensional	1
frontiers	1
anova	1
neuron	1
inferences	1
neuronal	1
guidani	1
varying	1
spike	1
trial	1
recordings	1
betweenness	1
shape	1
bellmann	1
strobl	1
hg	1
chien	1
dorr	1
wuerfel	1
jt	1
jw	1
marker	1
progressive	1
sclerosis	1
neurodegeneration	1
jama	1
neurology	1
penalized	1
mantel	1
gavornik	1
jp	1
lai	1
gandhi	1
sp	1
subanesthetic	1
reactivates	1
adult	1
plasticity	1
amblyopia	1
heritability	1
unveil	1
multidimensional	1
golzar	1
rahman	1
cooper	1
scheel	1
myelination	1
triggering	1
oligodendrocyte	1
precursor	1
differentiation	1
connectome	1
interiano	1
kazemi	1
komarova	1
nl	1
musical	1
trends	1
predictability	1
songs	1
charts	1
royal	1
nuno	1
skin	1
histocompatibility	1
mhc	1
attraction	1
asian	1
daters	1
gender	1
opioid	1
serotonin	1
mkhikian	1
diabetes	1
additive	1
epistatic	1
mgat	1
immunity	1
parental	1
supplementary	1
shahbaba	1
shachaf	1
cm	1
deng	1
pseudosibship	1
contrasting	1
locus	1
heredity	1
weng	1
macciardi	1
subramanian	1
guffanti	1
potkin	1
sg	1
xie	1
snp	1
enrichment	1
browning	1
calling	1
phasing	1
reduces	1
garner	1
ziogas	1
anton	1
culver	1
determination	1
hildebrandt	1
mat	1
variation	1
explains	1
expression	1
impute	1
genotypes	1
population	1
sequential	1
componentwise	1
hastings	1
gibbs	1
sampler	1
bitcount	1
controls	1
pchisq	1
pvalues	1
readme	1
instant	1
redirect	1
redirected	1
endorsing	1
recommending	1
convenience	1
discretion	1
lynn	1
gao	1
lmgao	1
graded	1
aged	1
corey	1
katz	1
ckatz	1
specialization	1
poly	1
slo	1
christina	1
magana	1
ramirez	1
cmaganar	1
rd	1
arnold	1
seong	1
akseong	1
reduced	1
lynsie	1
warr	1
lwarr	1
hr	1
ulisses	1
rizo	1
urizo	1
chadwick	1
fourth	1
myriad	1
introduce	1
bing	1
rank	1
shopping	1
forecast	1
warehouses	1
astronomy	1
terabytes	1
telescope	1
particles	1
visualize	1
massive	1
amounts	1
sensor	1
forecasting	1
cumulative	1
average	1
samsung	1
boeing	1
finance	1
insurance	1
pharmaceutical	1
nasa	1
nist	1
dod	1
acording	1
mckinsey	1
united	1
alone	1
faces	1
analytical	1
million	1
talent	1
technically	1
advantages	1
puts	1
scientist	1
lasting	1
nine	1
participants	1
astrostatistics	1
genomes	1
arkajyos	1
nanb	1
umme	1
ayda	1
mannan	1
stressing	1
notation	1
paradigms	1
equip	1
operative	1
thoroughness	1
offering's	1
preceding	1
thomas	1
aesthetics	1
interoperabilty	1
calls	1
ietf	1
consent	1
upperdivision	1
elena	1
agapie	1
interviewing	1
widget	1
toolkits	1
geo	1
spatial	1
paradigm	1
brainstorming	1
interative	1
accetance	1
daye	1
nam	1
datasets	1
perception	1
scenarios	1
kylie	1
aine	1
peppler	1
consultants	1
exercise	1
madhusudhana	1
reddy	1
workspaces	1
aehong	1
societal	1
reputation	1
gather	1
television	1
video	1
games	1
viet	1
vu	1
varied	1
legal	1
fieldwork	1
tianchu	1
lyu	1
evaluations	1
care	1
prototypes	1
iterative	1
subfield	1
empower	1
facing	1
literacy	1
technological	1
increasing	1
heath	1
unprecedented	1
curating	1
kai	1
eng	1
nets	1
tel	1
feedback	1
textbooks	1
syllabus	1
consortium's	1
oml	1
rational's	1
tysh	1
weeks	1
ooad	1
affords	1
titled	1
esec	1
fse	1
acrobat	1
treat	1
submissions	1
acceptance	1
incarnation	1
entitled	1
moses	1
consortium	1
mirror	1
chicago	1
illinois	1
provo	1
utah	1
afit	1
lonnie	1
chrisman's	1
accompanying	1
courtesy	1
fabio	1
cozman	1
cmu	1
besides	1
aforementioned	1
tennis	1
hike	1
jog	1
swim	1
arena	1
hockey	1
espn	1
friend	1
neno	1
uci's	1
pointers	1
tenure	1
teacher	1
consultant	1
corresponding	1
compilers	1
southern	1
fortune	1
promising	1
upcoming	1
compendium	1
technion	1
haifa	1
sc	1
cum	1
laude	1
formerly	1
navigating	1
demonstration	1
triton	1
viewer	1
israeli	1
defense	1
jacobson	1
workbench	1
stp	1
seeobject	1
wosa	1
mvs	1
volt	1
delta	1
orange	1
mca	1
ericsson	1
netsoft	1
sony	1
transcom	1
refereed	1
bari	1
sorrento	1
hicss	1
kauai	1
stanley	1
sutton	1
heimbigner	1
harry	1
yessayan	1
maybee	1
xiping	1
song	1
redondo	1
beach	1
architecting	1
isaw	1
seke	1
monterey	1
ghezzi	1
et	1
al	1
prentice	1
practitioner	1
roger	1
pressman	1
mcgraw	1
classical	1
schach	1
irwin	1
ian	1
sommerville	1
faulty	1
unusable	1
outpacing	1
consistently	1
fashion	1
orderly	1
predictable	1
deals	1
undergo	1
adapted	1
repair	1
elimination	1
affects	1
correction	1
modification	1
ignoring	1
separating	1
realizations	1
abstractions	1
reality	1
mastering	1
concentration	1
sequence	1
separately	1
deal	1
traditional	1
desirable	1
equipped	1
perfectly	1
designers	1
pays	1
pretend	1
objectives	1
fill	1
efforts	1
concentrates	1
accommodated	1
varies	1
catch	1
manpower	1
deliverable	1
deliverables	1
hoc	1
dismay	1
expended	1
controlled	1
largest	1
inadequate	1
malady	1
preservation	1
geriatric	1
uniquely	1
consensus	1
irregular	1
invisible	1
horizons	1
unprecedentedly	1
unusual	1
rigor	1
discontinuous	1
scaling	1
nonlinear	1
adequately	1
expectations	1
economical	1
manifold	1
pace	1
advances	1
permeating	1
aircrafts	1
pacemakers	1
money	1
cancer	1
patients	1
lethal	1
doses	1
radiation	1
therac	1
esa	1
ariane	1
rocket	1
blown	1
airports	1
region	1
radio	1
vcr	1
derived	1
taxonomies	1
hierarchies	1
representable	1
relate	1
seem	1
shattering	1
watching	1
davis	1
universally	1
documented	1
livelihood	1
risky	1
consultancy	1
destroying	1
defines	1
advantage	1
represents	1
hidden	1
kinds	1
fastforward	1
getremainingtime	1
gettrack	1
programtoplay	1
settrack	1
getbalance	1
gas	1
mileage	1
price	1
weight	1
getcolor	1
getmodel	1
getweight	1
setmake	1
setprice	1
setyear	1
polygon	1
bordercolor	1
fillcolor	1
vertices	1
destroy	1
surface	1
erase	1
rotate	1
angle	1
instantiations	1
drawn	1
rectangular	1
compartments	1
belonging	1
characteristic	1
wells	1
fargo	1
hire	1
fire	1
promote	1
retire	1
concrete	1
merely	1
distinguishes	1
citizen	1
automobile	1
plate	1
identifiers	1
acts	1
reacts	1
passing	1
withdrawing	1
encompasses	1
pacing	1
smiling	1
sitting	1
bored	1
jeep	1
cherokee	1
paid	1
vhs	1
rewinding	1
overhead	1
projector	1
sleeping	1
crisply	1
interchangeably	1
trucks	1
sensors	1
apprehended	1
intellectually	1
transaction	1
integers	1
isn	1
beauty	1
emotions	1
love	1
anger	1
verbs	1
peymano	1
intropaper	1
washington	1
grady	1
redwood	1
city	1
ma	1
heckerman	1
abe	1
mamdani	1
wellman	1
dictionary	1
lorenzo	1
strigini	1
ultrahigh	1
neapolitan	1
expert	1
wiley	1
lorge	1
judea	1
plausible	1
publishers	1
mateo	1
taylor	1
jo	1
lle	1
coutaz	1
editors	1
berlin	1
heidelberg	1
kl	1
sch	1
diagrams	1
discusses	1
justify	1
impressions	1
eight	1
abounds	1
pursuits	1
nevertheless	1
maxims	1
readers	1
occurrences	1
plans	1
exploring	1
internets	1
originally	1
disoriented	1
widely	1
substantiated	1
investigation	1
constitutes	1
elaborated	1
extremely	1
perhaps	1
handiworks	1
intrinsic	1
accidental	1
afforded	1
distinct	1
comprising	1
millions	1
versioned	1
manuals	1
forth	1
integrated	1
correlated	1
poses	1
intricacy	1
hypertexts	1
viewing	1
intra	1
define	1
developer's	1
relieving	1
complexities	1
concerned	1
confusion	1
disorientation	1
characteristics	1
facilitate	1
concern	1
facilitation	1
unpredictability	1
abound	1
fluctuate	1
vague	1
formulation	1
adoption	1
biologists	1
chemists	1
specimens	1
constituents	1
dna	1
throughly	1
subsystem	1
thoroughly	1
elicited	1
gathered	1
unavoidable	1
traced	1
origins	1
indirectly	1
untimely	1
costs	1
slips	1
justifies	1
practitioners	1
attempting	1
alleviate	1
largely	1
overlooked	1
omission	1
surprising	1
initially	1
muse	1
perceived	1
absent	1
disregarded	1
pivotal	1
strategy	1
ferreting	1
face	1
minimization	1
systematically	1
wherever	1
fluctuations	1
conclude	1
instigate	1
shuffle	1
holds	1
promise	1
helps	1
estimate	1
firmly	1
formalisms	1
continuously	1
arrives	1
greatly	1
realistic	1
prediction	1
weighed	1
certainty	1
dempster	1
shafer	1
fuzzy	1
monotonic	1
nonmonotonic	1
merits	1
implementability	1
interesting	1
efficiency	1
maintainability	1
csr	1
testability	1
implications	1
ramifications	1
addressed	1
progresses	1
guided	1
continuous	1
predefined	1
testers	1
notified	1
numerically	1
regard	1
enhancements	1
granularity	1
comparing	1
eventually	1
granularities	1
afford	1
rebus	1
requisitepro	1
incorporation	1
severity	1
recognizes	1
softbayes	1
indicate	1
influencing	1
expert's	1
recording	1
deemed	1
captured	1
limitations	1
retain	1
independence	1
assumption	1
depictions	1
relevancy	1
proved	1
confirming	1
suspicions	1
embodies	1
stemming	1
laws	1
software's	1
vaguely	1
versus	1
analyst	1
incorporated	1
suggests	1
confirms	1
conclusionpaper	1
abstractpaper	1
greatest	1
ever	1
btw	1
cup	1
european	1
championships	1
anybody's	1
guess	1
stink	1
fairweather	1
fans	1
listen	1
jungle	1
rome	1
notwithstanding	1
chris	1
everett	1
decked	1
live	1
couple	1
nearly	1
bothers	1
repulsive	1
commentary	1
truth	1
hurts	1
dead	1
roaming	1
universe	1
buff	1
picasso's	1
guernica	1
madrid	1
impression	1
sociologist	1
revolve	1
relation	1
quantification	1
conducted	1
qualitative	1
emerge	1
manipulation	1
generativeai	1
undergraduates	1
pleasure	1
earned	1
mit	1
sloan	1
wanda	1
orlikowski	1
joanne	1
yates	1
michigan	1
literature	1
colorado	1
christine	1
families	1
nyt	1
perfect	1
ultimate	1
unattainable	1
wbur	1
pandemic	1
struggled	1
dreams	1
overworked	1
atlantic	1
america	1
asks	1
yunan	1
manger	1
matt	1
kaelyn	1
costa	1
sharonsuh	1
appointment	1
katie	1
pine	1
myth	1
ecosystem	1
rehabilitation	1
misq	1
turns	1
seemingly	1
overnight	1
rehabilitating	1
oes	1
promises	1
thrilled	1
gillian	1
hayes	1
anamara	1
ritt	1
olson	1
kana	1
huang	1
surveillance	1
trustworthy	1
caregivers	1
danah	1
boyd	1
beth	1
bechky	1
thinkers	1
tailor	1
alongside	1
contributing	1
holistic	1
preparing	1
industries	1
bridge	1
gap	1
leverage	1
propel	1
coveted	1
qualification	1
pioneers	1
blends	1
craft	1
dive	1
months	1
mastery	1
hear	1
adithya	1
vardhan	1
workshops	1
invaluable	1
implement	1
giving	1
translates	1
delivers	1
centric	1
cherine	1
cho	1
efficiently	1
researching	1
gaining	1
thoughtfully	1
helped	1
deepened	1
became	1
additions	1
incredibly	1
jackson	1
bolcer	1
chose	1
exposure	1
stood	1
welcoming	1
pivot	1
ties	1
obvious	1
ve	1
land	1
exciting	1
innovator	1
endowed	1
mmoshirp	1
iftekha	1
sbranham	1
joshug	1
emilyo	1
dean's	1
jajones	1
kungj	1
dlennox	1
associative	1
matter	1
involve	1
dominating	1
successes	1
employer	1
matriculation	1
postsecondary	1
grades	1
marks	1
credits	1
legend	1
toefl	1
foreign	1
ielts	1
lieu	1
enriches	1
applicant	1
scholarly	1
delays	1
agency	1
photocopies	1
individuals	1
achievements	1
weaknesses	1
motivation	1
supervisors	1
compare	1
gcounsel	1
assist	1
coordinates	1
fellowships	1
handles	1
compute	1
orus	1
zotgpt	1
chat	1
operates	1
tracked	1
timely	1
consulted	1
supplied	1
myip	1
forgot	1
wfh	1
tries	1
datafiles	1
quickbuttons	1
paragraphs	1
newline	1
paragraph	1
forced	1
newlines	1
pagenames	1
converted	1
camelcase	1
section's	1
bookmark	1
rely	1
wp	1
homogeneous	1
userscript	1
js	1
lang	1
nosmblinks	1
dashes	1
horizontal	1
tooltip	1
caption	1
filename	1
jpeg	1
indent	1
mainly	1
replacements	1
converts	1
emoticon	1
equivalents	1
lol	1
fixme	1
deleteme	1
typographically	1
tm	1
multiplication	1
headers	1
horizontally	1
separators	1
tableheaders	1
separator	1
decides	1
rowspans	1
apart	1
rowspan	1
percent	1
indenting	1
sourcecode	1
highlighter	1
implements	1
args	1
println	1
acme	1
kickass	1
tasm	1
devpac	1
abap	1
french	1
applescript	1
asm	1
asp	1
autoconf	1
autohotkey	1
autoit	1
avisynth	1
bascomavr	1
gl	1
bibtex	1
blitzbasic	1
bnf	1
loadrunner	1
caddcl	1
cadlisp	1
cfdg	1
cfm	1
chaiscript	1
cil	1
clojure	1
cmake	1
cobol	1
coffeescript	1
qt	1
csharp	1
cuesheet	1
dcs	1
delphi	1
diff	1
dos	1
epc	1
ecmascript	1
eiffel	1
erlang	1
euphoria	1
falcon	1
fo	1
fortran	1
freebasic	1
fsharp	1
gambas	1
genero	1
genie	1
glsl	1
gml	1
gnuplot	1
groovy	1
gettext	1
gwbasic	1
haskell	1
hicest	1
hq	1
idl	1
ini	1
intercal	1
jquery	1
kixtart	1
klonec	1
klonecpp	1
lb	1
lisp	1
llvm	1
locobasic	1
logtalk	1
lolcode	1
lotusformulas	1
lotusscript	1
lscript	1
lsl	1
lua	1
magiksf	1
mapbasic	1
matlab	1
mirc	1
mmix	1
mpasm	1
mxml	1
newlisp	1
nsis	1
oberon	1
objc	1
objeck	1
oobas	1
oxygene	1
oz	1
pascal	1
pcre	1
pf	1
pike	1
pic	1
pixelbender	1
pli	1
plsql	1
povray	1
powerbuilder	1
powershell	1
proftpd	1
prolog	1
providex	1
purebasic	1
pycon	1
qbasic	1
rebol	1
reg	1
robots	1
rpmspec	1
rsplus	1
ruby	1
scala	1
scilab	1
sdlbasic	1
smalltalk	1
smarty	1
sql	1
systemverilog	1
tcl	1
teraterm	1
thinbasic	1
tsql	1
typoscript	1
unicon	1
uscript	1
vala	1
vbnet	1
vb	1
verilog	1
vhdl	1
visualfoxpro	1
visualprolog	1
winbatch	1
whois	1
xbasic	1
xorg	1
xpp	1
zxbasic	1
dash	1
myfile	1
foo	1
embed	1
dashed	1
parsing	1
rendering	1
authors	1
stripped	1
dhm	1
obviously	1
inappropriate	1
render	1
rendered	1
slashdot	1
influences	1
renders	1
availble	1
nocache	1
caches	1
eg	1
rerender	1
dokuwiki's	1
damien	1
regad	1
santalucia	1
wilson	1
contributors	1
adds	1
luis	1
machuca	1
bezzaza	1
behaviour	1
dw	1
luigi	1
micco	1
converter	1
indexmenu	1
samuele	1
tognini	1
gerrit	1
uitslag	1
customizable	1
sortable	1
anael	1
mobilia	1
tip	1
anika	1
henke	1
combines	1
functionalities	1
divs	1
cropped	1
activating	1
conferred	1
renewable	1
workers	1
submits	1
processed	1
launching	1
verified	1
pair	1
expressly	1
solely	1
phraseless	1
unencrypted	1
wired	1
vulnerable	1
unauthorized	1
aaaab	1
nzac	1
yc	1
prerequites	1
getsockname	1
leftmost	1
identityfile	1
twice	1
tolerant	1
annotate	1
binaries	1
modifies	1
hpc	1
distribute	1
monolithic	1
complilation	1
hermod	1
tristram	1
vulcan	1
hypernova	1
kilonova	1
ailab	1
wintermute	1
benedictus	1
invictus	1
velox	1
markov	1
liv	1
bird	1
deepreasoning	1
csc	1
titans	1
cronus	1
hyperion	1
oceanus	1
rhea	1
tethys	1
themis	1
zhanglab	1
galaxy	1
laniakea	1
voyager	1
nvl	1
moot	1
slurmdbd	1
worker	1
fysik	1
dtu	1
dk	1
niflheim	1
sattach	1
transmit	1
signal	1
comprise	1
interacting	1
sleeper	1
snippet	1
substitution	1
kiwenlau	1
monte	1
routines	1
silly	1
forget	1
mpicc	1
lm	1
uncomment	1
np	1
ten	1
hrs	1
exclusive	1
arbitrarily	1
collecting	1
whl	1
shutting	1
inspect	1
wise	1
hostnames	1
native	1
vault	1
retrieve	1
specfied	1
elapsed	1
maxrss	1
maxvmsize	1
nnodes	1
ncpus	1
jobib	1
submitline	1
setups	1
peter	1
yuzok	1
genera	1
commit	1
allocates	1
copies	1
executes	1
sbacast	1
queued	1
scrontrol	1
circinux	1
summarize	1
multifactor	1
weighted	1
rather	1
evoke	1
openllab	1
qacct	1
parition	1
jobe	1
exited	1
accountingstroageenforce	1
accountingstorageenforce	1
adminsitration	1
ha	1
normalized	1
partitionname	1
pick	1
usagethres	1
ammount	1
calculatd	1
summing	1
hogging	1
percentage	1
constantly	1
subscribed	1
tends	1
hog	1
shed	1
adjusting	1
qosgrpmemlimit	1
preserve	1
launchfailedrequeuheld	1
originates	1
slurmctl	1
misconfigured	1
sched	1
backfill	1
requeuing	1
persist	1
slice	1
systemd	1
seemed	1
liquidated	1
slurmstepd	1
handler	1
confident	1
highest	1
nov	1
medusa	1
managment	1
posix	1
getent	1
intentional	1
arrayjobid	1
arraytaskid	1
userid	1
groupid	1
mcs	1
jobstate	1
restarts	1
batchflag	1
exitcode	1
derivedexitcode	1
timelimit	1
timemin	1
submittime	1
eligibletime	1
accruetime	1
starttime	1
endtime	1
suspendtime	1
secspresuspend	1
lastschedeval	1
allocnode	1
sid	1
reqnodelist	1
excnodelist	1
batchhost	1
numnodes	1
numcpus	1
numtasks	1
reqb	1
tres	1
billing	1
socks	1
ntaskspern	1
corespec	1
mincpusnode	1
minmemorycpu	1
mintmpdisknode	1
delayboot	1
contiguous	1
pid	1
bionets	1
sana	1
mbiogrid	1
predict	1
stdin	1
dfr	1
maxwall	1
maxtresmin	1
assocgrpcpulimit	1
host's	1
docs	1
grepping	1
nn	1
ignore	1
msrs	1
kernal	1
libvirt	1
lastly	1
compatible	1
troubleshoot	1
purge	1
screens	1
greyed	1
dsign	1
movie	1
rotation	1
overlapping	1
selecting	1
canakit	1
pro	1
noise	1
mini	1
sandisk	1
lowest	1
webapp	1
usernames	1
hyphenated	1
variant	1
nslookup	1
knowing	1
printer	1
streamline	1
eliminating	1
centralizing	1
integrating	1
imports	1
unl	1
flat	1
unlisted	1
imported	1
searches	1
marked	1
descending	1
chronological	1
finalize	1
accounttype	1
synchronization	1
lookup	1
visiting	1
auth	1
participation	1
durations	1
bulk	1
rosters	1
excuse	1
absences	1
sheets	1
seamlessly	1
lms	1
shibboleth	1
incorrectly	1
qr	1
timeframe	1
geoloation	1
grey	1
wireless	1
hides	1
device's	1
cloudflare	1
term	1
mitigate	1
article	1
authenticated	1
sensing	1
stamp	1
micro	1
immuno	1
cbe	1
alg	1
str	1
fin	1
fn	1
urban	1
microbiomes	1
algrthm	1
crm	1
miscar	1
prof	1
practicum	1
orgs	1
socecol	1
microbiol	1
studnt	1
mgn	1
wrkfrce	1
intergr	1
prncpl	1
eco	1
arabic	1
koran	1
japan	1
economy	1
dig	1
sw	1
analyt	1
intl	1
st	1
lps	1
aw	1
environ	1
sustain	1
multiplayer	1
orgnizatnl	1
creat	1
pitchdeck	1
taxation	1
corp	1
prtnrship	1
tax	1
integr	1
antrepr	1
fluid	1
mechs	1
univ	1
orchestra	1
integrative	1
sylabs	1
rocm	1
gid	1
sysctl	1
furthermore	1
unpriv	1
pulling	1
laughing	1
cow	1
gpu's	1
infon	1
postgreseql	1
env	1
tiangolo	1
meinheld	1
flask	1
establishing	1
driectory	1
systema	1
intoy	1
authenticity	1
ecdsa	1
fingerprint	1
jddej	1
mjbngem	1
icdpg	1
kcvxi	1
vk	1
kmiy	1
esppc	1
openlab's	1
configureation	1
sed	1
vi	1
putting	1
swiki	1
helpsdesk	1
fakegroup	1
sifs	1
switche	1
temporary	1
prefer	1
sex	1
liked	1
imagefile	1
teh	1
ipynb	1
fetch	1
cnf	1
instanced	1
personalize	1
passwords	1
gcr	1
deepmath	1
hol	1
oci	1
blobs	1
dbe	1
fca	1
ff	1
ecddcb	1
manifest	1
btls	1
cache	1
tix	1
syncing	1
occurring	1
legacy	1
reviewing	1
tiered	1
rolled	1
optimize	1
sustainable	1
seamless	1
duplicates	1
outdated	1
unneeded	1
periodically	1
exceeds	1
storagetiers	1
publicly	1
efc	1
ecb	1
blog	1
personally	1
accommodate	1
consisting	1
relocation	1
retirement	1
estimated	1
eta	1
feet	1
colocate	1
colocated	1
constrained	1
consult	1
mountable	1
neatly	1
tall	1
door	1
elevator	1
idrac	1
ilom	1
aka	1
installations	1
intake	1
exhaust	1
specialty	1
pdus	1
addressing	1
asking	1
vendors	1
viable	1
powering	1
conform	1
sliding	1
deracking	1
holes	1
toolless	1
measurements	1
diy	1
builds	1
charge	1
psu	1
nbd	1
sqft	1
btu	1
support's	1
cord	1
surprised	1
outlets	1
customer	1
chosen	1
dcim	1
meant	1
finances	1
heart	1
requisition	1
capital	1
payment	1
payments	1
hide	1
ewaste	1
disposing	1
threedacd	1
aire	1
water	1
glycol	1
circuits	1
motor	1
projected	1
climate	1
bsas	1
funding	1
observium	1
moe	1
larry	1
waste	1
unhindered	1
autonomy	1
impersonating	1
limted	1
deprecated	1
ontap	1
impersonate	1
mongodb	1
keberos	1
distro	1
insecure	1
kerber	1
meats	1
hosting	1
uncommon	1
owns	1
delegated	1
delegate	1
chown	1
irreconcilable	1
kept	1
autofs	1
kickstart	1
rescue	1
routinely	1
platforms	1
cross	1
definable	1
nagios	1
takes	1
comport	1
cordoned	1
strives	1
strike	1
stability	1
conformity	1
safely	1
uniformly	1
fleet	1
gatekeeper	1
blocker	1
derail	1
authority	1
groupings	1
familiarity	1
expanded	1
capacities	1
coordinate	1
approves	1
group's	1
promiscuous	1
contention	1
switching	1
carefully	1
disrupt	1
consuming	1
occasion	1
break	1
difficult	1
nonsensical	1
reduce	1
mv	1
counterproductive	1
beneath	1
drv	1
undeployed	1
avoids	1
granted	1
corrupt	1
repaired	1
reinstallation	1
centrally	1
near	1
everybody	1
natively	1
javac	1
openjdk	1
completion	1
wildcards	1
postgresl	1
rehome	1
belong	1
zsh	1
libs	1
although	1
lsblk	1
lsscsi	1
scsi	1
meminfo	1
cpuinfo	1
htop	1
employs	1
rebooted	1
circumvent	1
protect	1
felt	1
ordinary	1
nltk	1
ex	1
modulefiles	1
dis	1
mistake	1
great	1
usuaully	1
unecessary	1
produces	1
transforms	1
gfortran	1
kernels	1
iftop	1
iotop	1
mtr	1
snap	1
ss	1
vmstat	1
isolated	1
compete	1
forking	1
another's	1
customizations	1
utility	1
protected	1
scypi	1
staging	1
ew	1
donated	1
hubs	1
buttons	1
explanation	1
initdb	1
ctl	1
logfile	1
initialize	1
sizes	1
drag	1
popup	1
launched	1
intellisense	1
cpptools	1
cdr	1
happy	1
fork	1
folks	1
goharbor	1
rf	1
places	1
foremost	1
ta's	1
attention	1
resolving	1
occurred	1
screenshots	1
redeploy	1
body	1
mapped	1
minimally	1
remind	1
duoldap	1
duoauthproxy	1
authevents	1
msg	1
preauth	1
reject	1
hook	1
ssp	1
sendtoken	1
gmail	1
caps	1
complaining	1
accepting	1
reloading	1
jsalk	1
oauth	1
crashed	1
came	1
pidof	1
unlocked	1
preventative	1
adjust	1
allowprivilegeescalation	1
discourse	1
fetching	1
returned	1
code's	1
fixed	1
internally	1
ctlaltdel	1
clicked	1
junjies	1
resolved	1
age	1
failedkillpod	1
kubelet	1
killcontainer	1
killcontainererror	1
desc	1
timeout	1
grace	1
pop	1
backwards	1
investigating	1
labextension	1
ingress	1
determining	1
symptom	1
anylonger	1
preventing	1
arises	1
concurrency	1
simultaneously	1
terminate	1
reapply	1
recreate	1
pv	1
rebuild	1
squlite	1
ont	1
weekends	1
breaks	1
finals	1
reservation	1
centeral	1
snaptosts	1
disaster	1
cybertron	1
initiative	1
deploying	1
comply	1
mandated	1
cyber	1
mandate	1
president	1
letter	1
detailing	1
enforcement	1
uptake	1
subset	1
maintains	1
kuali	1
ksams	1
docusign	1
atlassian	1
confluence	1
jira	1
onetrust	1
departmental	1
facnet	1
trs	1
chromeos	1
ios	1
exempted	1
postdoctoral	1
ra	1
specialist	1
evaluators	1
emeriti	1
actors	1
detects	1
heldpesk	1
permament	1
statick	1
ineffective	1
mailer	1
mailbox	1
fedora	1
netfilter	1
ips	1
configurable	1
huner	1
notify	1
hunter	1
openvpn	1
plain	1
telnet	1
rsh	1
connecsion	1
traverse	1
traffic	1
tunneling	1
revsys	1
writings	1
quicktips	1
stunnel	1
discouraged	1
exposes	1
attractive	1
attack	1
doc	1
refman	1
avaiable	1
tls	1
acl	1
attacks	1
blocking	1
securingservices	1
subnets	1
consolidated	1
subnet	1
oitvulnerabilityscanner	1
lightweight	1
assessments	1
contacting	1
owners	1
edr	1
relink	1
unlinking	1
unlink	1
nessucli	1
safe	1
secs	1
ago	1
proxy	1
configs	1
scanned	1
ssrq	1
unsure	1
clarify	1
passes	1
respond	1
proof	1
behalf	1
procurement	1
thea	1
deck	1
certification	1
enterprise	1
economically	1
retention	1
lowrisksupplierreview	1
anti	1
virus	1
settled	1
simplest	1
plug	1
adapters	1
alternatively	1
ucinet	1
eduroam	1
treillix	1
ansible	1
centso	1
hexshj	1
hex	1
helix	1
whitelisted	1
whitelist	1
maximize	1
jul	1
masterhit	1
xythoswfs	1
webview	1
xy	1
unzip	1
dmg	1
agreement	1
taskbar	1
laptops	1
excluded	1
hosted	1
aren	1
establish	1
according	1
benny	1
angeles	1
pertaining	1
grabs	1
communicates	1
bao	1
comm	1
deans	1
gsao	1
sao	1
tec	1
er	1
workstations	1
ous	1
fixlets	1
gateway	1
tablet	1
exporting	1
xxxx	1
regardless	1
codes	1
lockouts	1
dependent	1
lacks	1
sections	1
qualified	1
fqdn	1
deny	1
uninstall	1
reinstall	1
certificates	1
opportunistic	1
behave	1
excessive	1
signup	1
ipad	1
gray	1
website's	1
analyzes	1
periods	1
unplanned	1
stops	1
inefficiencies	1
weekend	1
resulted	1
unstable	1
mike	1
bonomo	1
pe	1
breakers	1
sce	1
islanded	1
plant	1
generating	1
prevented	1
energized	1
islanding	1
electricians	1
dispatched	1
offices	1
intellij	1
sat	1
mathlm	1
plrg	1
weird	1
reboots	1
fabric	1
odule	1
xfm	1
ochca	1
ledu	1
intermittent	1
usable	1
remount	1
boots	1
wunsch	1
deleon	1
lucia	1
diaz	1
remediation	1
fixes	1
immediate	1
went	1
tuesday	1
morning	1
restoring	1
mountd	1
should've	1
remained	1
kicks	1
unavailabe	1
li's	1
flucuation	1
blinking	1
arrived	1
delayed	1
fives	1
lost	1
occured	1
ethiopia	1
wednesday	1
hi	1
advised	1
heads	1
cct	1
initiate	1
stand	1
hieu	1
trinh	1
occupants	1
surge	1
affecting	1
thanks	1
noticed	1
displaying	1
precaution	1
advise	1
caution	1
pause	1
fume	1
hood	1
precautions	1
appreciate	1
cooperation	1
patience	1
crsp	1
imam	1
toufique	1
netsail	1
cantor	1
wdcohen	1
relkhou	1
impacted	1
zen	1
fileserver	1
scattered	1
visibility	1
occur	1
proactively	1
definitions	1
pis	1
streamlined	1
authorize	1
digging	1
finish	1
outlines	1
finalized	1
approver	1
clicks	1
actor	1
correspondence	1
enters	1
ucibuy	1
audits	1
decided	1
provisioning	1
investigator	1
supermicro	1
trt	1
corporation	1
xp	1
ssd	1
asus	1
gddr	1
fills	1
numbers	1
rkeh	1
pieces	1
leonard	1
folowwing	1
manged	1
archived	1
resultant	1
mon	1
apr	1
gw	1
nas	1
brocade	1
hports	1
fsx	1
tn	1
sers	1
icsbluearc	1
pipes	1
uld	1
mo	1
tac	1
downloads	1
someone's	1
moves	1
smbv	1
bugs	1
anywhere	1
bought	1
shelf	1
lsi	1
nearline	1
worth	1
hue	1
formatted	1
bunch	1
hsata	1
fibre	1
hfc	1
shrunk	1
ownershipofdisks	1
qtrees	1
exported	1
somehow	1
filesytem	1
uniquename	1
people's	1
loggin	1
recieve	1
onto	1
minicom	1
ttys	1
bps	1
bits	1
waypoint	1
webserver	1
leopard	1
mounts	1
vfsopts	1
vfslinkdir	1
vfstype	1
macuser	1
ldapadd	1
zips	1
offload	1
backing	1
rid	1
titan's	1
selectfs	1
pathtodirectorytreeorfile	1
paths	1
dmz	1
sshterm	1
instantly	1
dial	1
uncheck	1
nismapname	1
saving	1
pack	1
saying	1
succeeds	1
saved	1
afp	1
userdata	1
finder	1
sticky	1
chgrp	1
istaff	1
powerpoint	1
gigabitethernet	1
passive	1
tsmusetup	1
smusetup	1
autorun	1
it'll	1
jump	1
zerov	1
skellingtonv	1
hannibalv	1
init	1
swap	1
msyql	1
warn	1
db's	1
surt	1
rmxlt	1
ns	1
warrranty	1
documenation	1
snmpwalk	1
opspersecond	1
nvrampoolstatstotalcurrentusage	1
runningbossockfibers	1
readcumlatency	1
onewritecumlatency	1
stripewritecumlatency	1
increments	1
huge	1
jdhayes	1
sequser	1
dock	1
bypass	1
macs	1
autohome	1
perms	1
spaced	1
dummy	1
showall	1
sidiagnostics	1
dump	1
terse	1
diag	1
repeat	1
rule	1
schema	1
unrecognised	1
engraved	1
ef	1
cbff	1
stripesets	1
unconfined	1
threshold	1
ykanomat	1
tentatively	1
hte	1
bt	1
counters	1
hahah	1
kidding	1
christophe's	1
locking	1
compression	1
guys	1
telling	1
serice	1
enableing	1
culprit	1
mmb	1
vlsi	1
panic	1
builder	1
vampire	1
fsb	1
ontimer	1
sev	1
inquiry	1
wfile	1
bother	1
implimented	1
kieth	1
klutz	1
chipset	1
ssls	1
ssmk	1
sscat	1
recommends	1
registry	1
hkey	1
currentcontrolset	1
lanmanworkstation	1
requiresecurenegotiate	1
dword	1
win	1
commandline	1
handle	1
ricklnas	1
ricklres	1
scanfold	1
fragmented	1
transer	1
bos	1
sslcert	1
gendefault	1
wants	1
discovered	1
tron's	1
numerical	1
dumping	1
root's	1
scheduled	1
cpswiki	1
beginnning	1
helper	1
cifshare	1
shq	1
copied	1
ldapsearch	1
unixaccountcreatedate	1
usertype	1
gnu	1
tecmint	1
multiplexes	1
usual	1
buffer	1
regions	1
independent	1
rograms	1
kills	1
foreground	1
quitting	1
ramon	1
limon	1
wether	1
reconnecting	1
whatever	1
icsuser	1
reload	1
deflogin	1
nw	1
vbell	1
alwayslastline	1
multiuser	1
aclchg	1
attrcolor	1
termcapinfo	1
xterm	1
af	1
defbce	1
endlessly	1
constraint	1
tipsandtricks	1
itemnetfs	1
ro	1
