checkin.ics.uci.edu, 5
containers.ics.uci.edu, 1
courselisting.ics.uci.edu, 2
e2.ics.uci.edu, 1
elms.ics.uci.edu, 1
gitlab.ics.uci.edu, 3
gradinfo.ics.uci.edu, 2
hub.ics.uci.edu, 3
ics.uci.edu, 112
informatics.ics.uci.edu, 4
intranet.ics.uci.edu, 14
julia-hub.ics.uci.edu, 1
mswe.ics.uci.edu, 3
netreg.ics.uci.edu, 3
onboarding.ics.uci.edu, 2
signage.ics.uci.edu, 2
speedtest.ics.uci.edu, 1
staging-hub.ics.uci.edu, 1
stat.ics.uci.edu, 7
stat.uci.edu, 1
support.ics.uci.edu, 7
swiki.ics.uci.edu, 15
wiki.ics.uci.edu, 437
www.ics.uci.edu, 16
www.informatics.uci.edu, 5
www.stat.uci.edu, 2
